{
    "auc": 0.6129266521423383,
    "auc_0.1": 0.6312349501203991,
    "fpr": [
        0.0,
        0.0,
        0.0,
        0.006535947712418301,
        0.006535947712418301,
        0.026143790849673203,
        0.026143790849673203,
        0.032679738562091505,
        0.032679738562091505,
        0.08496732026143791,
        0.08496732026143791,
        0.09803921568627451,
        0.09803921568627451,
        0.1503267973856209,
        0.1503267973856209,
        0.21568627450980393,
        0.21568627450980393,
        0.24183006535947713,
        0.24183006535947713,
        0.24836601307189543,
        0.24836601307189543,
        0.33986928104575165,
        0.33986928104575165,
        0.3790849673202614,
        0.3790849673202614,
        0.38562091503267976,
        0.38562091503267976,
        0.39869281045751637,
        0.39869281045751637,
        0.41830065359477125,
        0.41830065359477125,
        0.43137254901960786,
        0.43137254901960786,
        0.5098039215686274,
        0.5098039215686274,
        0.5816993464052288,
        0.5816993464052288,
        0.5882352941176471,
        0.5882352941176471,
        0.6143790849673203,
        0.6143790849673203,
        0.6666666666666666,
        0.6666666666666666,
        0.7581699346405228,
        0.7581699346405228,
        0.7843137254901961,
        0.7843137254901961,
        0.803921568627451,
        0.803921568627451,
        0.8169934640522876,
        0.8169934640522876,
        0.8235294117647058,
        0.8235294117647058,
        0.869281045751634,
        0.869281045751634,
        0.8758169934640523,
        0.8758169934640523,
        0.8823529411764706,
        0.8823529411764706,
        0.9019607843137255,
        0.9019607843137255,
        0.9150326797385621,
        0.9150326797385621,
        0.9673202614379085,
        0.9673202614379085,
        1.0
    ],
    "tpr": [
        0.0,
        0.022222222222222223,
        0.15555555555555556,
        0.15555555555555556,
        0.2222222222222222,
        0.2222222222222222,
        0.26666666666666666,
        0.26666666666666666,
        0.3333333333333333,
        0.3333333333333333,
        0.35555555555555557,
        0.35555555555555557,
        0.37777777777777777,
        0.37777777777777777,
        0.4,
        0.4,
        0.4222222222222222,
        0.4222222222222222,
        0.4444444444444444,
        0.4444444444444444,
        0.4666666666666667,
        0.4666666666666667,
        0.4888888888888889,
        0.4888888888888889,
        0.5111111111111111,
        0.5111111111111111,
        0.5333333333333333,
        0.5333333333333333,
        0.5555555555555556,
        0.5555555555555556,
        0.5777777777777777,
        0.5777777777777777,
        0.6,
        0.6,
        0.6222222222222222,
        0.6222222222222222,
        0.6666666666666666,
        0.6666666666666666,
        0.6888888888888889,
        0.6888888888888889,
        0.7111111111111111,
        0.7111111111111111,
        0.7333333333333333,
        0.7333333333333333,
        0.7555555555555555,
        0.7555555555555555,
        0.7777777777777778,
        0.7777777777777778,
        0.8,
        0.8,
        0.8222222222222222,
        0.8222222222222222,
        0.8444444444444444,
        0.8444444444444444,
        0.8666666666666667,
        0.8666666666666667,
        0.8888888888888888,
        0.8888888888888888,
        0.9111111111111111,
        0.9111111111111111,
        0.9333333333333333,
        0.9333333333333333,
        0.9777777777777777,
        0.9777777777777777,
        1.0,
        1.0
    ],
    "precision": [
        0.23316062176165803,
        0.22916666666666666,
        0.23036649214659685,
        0.23157894736842105,
        0.2328042328042328,
        0.23404255319148937,
        0.23529411764705882,
        0.23655913978494625,
        0.23783783783783785,
        0.2391304347826087,
        0.23497267759562843,
        0.23076923076923078,
        0.23204419889502761,
        0.23333333333333334,
        0.22905027932960895,
        0.2303370786516854,
        0.23163841807909605,
        0.23295454545454544,
        0.22857142857142856,
        0.22988505747126436,
        0.2254335260115607,
        0.22674418604651161,
        0.2222222222222222,
        0.2235294117647059,
        0.22485207100591717,
        0.2261904761904762,
        0.2275449101796407,
        0.2289156626506024,
        0.23030303030303031,
        0.23170731707317074,
        0.22699386503067484,
        0.22839506172839505,
        0.2236024844720497,
        0.225,
        0.22641509433962265,
        0.22151898734177214,
        0.2229299363057325,
        0.22435897435897437,
        0.22580645161290322,
        0.22077922077922077,
        0.2222222222222222,
        0.2236842105263158,
        0.2251655629139073,
        0.22666666666666666,
        0.2214765100671141,
        0.22297297297297297,
        0.22448979591836735,
        0.22602739726027396,
        0.22758620689655173,
        0.22916666666666666,
        0.23076923076923078,
        0.2323943661971831,
        0.23404255319148937,
        0.2357142857142857,
        0.23741007194244604,
        0.2391304347826087,
        0.24087591240875914,
        0.2426470588235294,
        0.24444444444444444,
        0.23880597014925373,
        0.24060150375939848,
        0.24242424242424243,
        0.24427480916030533,
        0.24615384615384617,
        0.24806201550387597,
        0.25,
        0.25196850393700787,
        0.25396825396825395,
        0.248,
        0.25,
        0.25203252032520324,
        0.2540983606557377,
        0.256198347107438,
        0.25,
        0.25210084033613445,
        0.2457627118644068,
        0.23931623931623933,
        0.2413793103448276,
        0.24347826086956523,
        0.24561403508771928,
        0.24778761061946902,
        0.25,
        0.25225225225225223,
        0.2545454545454545,
        0.25688073394495414,
        0.25925925925925924,
        0.2616822429906542,
        0.2641509433962264,
        0.2571428571428571,
        0.25961538461538464,
        0.2621359223300971,
        0.2647058823529412,
        0.26732673267326734,
        0.27,
        0.2727272727272727,
        0.2755102040816326,
        0.27835051546391754,
        0.28125,
        0.28421052631578947,
        0.2872340425531915,
        0.2903225806451613,
        0.2826086956521739,
        0.2857142857142857,
        0.28888888888888886,
        0.2808988764044944,
        0.2840909090909091,
        0.28735632183908044,
        0.29069767441860467,
        0.2823529411764706,
        0.2857142857142857,
        0.2891566265060241,
        0.2804878048780488,
        0.2839506172839506,
        0.275,
        0.27848101265822783,
        0.28205128205128205,
        0.2857142857142857,
        0.2894736842105263,
        0.29333333333333333,
        0.2972972972972973,
        0.2876712328767123,
        0.2916666666666667,
        0.29577464788732394,
        0.3,
        0.30434782608695654,
        0.3088235294117647,
        0.31343283582089554,
        0.3181818181818182,
        0.3230769230769231,
        0.328125,
        0.3333333333333333,
        0.3387096774193548,
        0.3442622950819672,
        0.35,
        0.3559322033898305,
        0.3448275862068966,
        0.3508771929824561,
        0.3392857142857143,
        0.34545454545454546,
        0.35185185185185186,
        0.3584905660377358,
        0.36538461538461536,
        0.35294117647058826,
        0.36,
        0.3673469387755102,
        0.375,
        0.3829787234042553,
        0.391304347826087,
        0.4,
        0.4090909090909091,
        0.4186046511627907,
        0.42857142857142855,
        0.43902439024390244,
        0.425,
        0.4358974358974359,
        0.4473684210526316,
        0.4594594594594595,
        0.4722222222222222,
        0.4857142857142857,
        0.5,
