{
    "auc": 0.974715909090909,
    "auc_0.1": 0.8935406698564594,
    "fpr": [
        0.0,
        0.0,
        0.0,
        0.005681818181818182,
        0.005681818181818182,
        0.011363636363636364,
        0.011363636363636364,
        0.017045454545454544,
        0.017045454545454544,
        0.06818181818181818,
        0.06818181818181818,
        0.07386363636363637,
        0.07386363636363637,
        0.11931818181818182,
        0.11931818181818182,
        0.18181818181818182,
        0.18181818181818182,
        1.0
    ],
    "tpr": [
        0.0,
        0.05,
        0.45,
        0.45,
        0.65,
        0.65,
        0.75,
        0.75,
        0.8,
        0.8,
        0.85,
        0.85,
        0.9,
        0.9,
        0.95,
        0.95,
        1.0,
        1.0
    ],
    "precision": [
        0.38461538461538464,
        0.37254901960784315,
        0.38,
        0.3877551020408163,
        0.3958333333333333,
        0.40425531914893614,
        0.41304347826086957,
        0.4222222222222222,
        0.4318181818181818,
        0.4418604651162791,
        0.4523809523809524,
        0.4634146341463415,
        0.475,
        0.46153846153846156,
        0.47368421052631576,
        0.4864864864864865,
        0.5,
        0.5142857142857142,
        0.5294117647058824,
        0.5454545454545454,
        0.5625,
        0.5806451612903226,
        0.5666666666666667,
        0.5862068965517241,
        0.5714285714285714,
        0.5925925925925926,
        0.6153846153846154,
        0.64,
        0.6666666666666666,
        0.6956521739130435,
        0.7272727272727273,
        0.7619047619047619,
        0.8,
        0.8421052631578947,
        0.8333333333333334,
        0.8823529411764706,
        0.875,
        0.8666666666666667,
        0.9285714285714286,
        0.9230769230769231,
        0.9166666666666666,
        0.9090909090909091,
        0.9,
        1.0,
        1.0,
        1.0,
        1.0,
        1.0,
        1.0,
        1.0,
        1.0,
        1.0,
        1.0
    ],
    "recall": [
        1.0,
        0.95,
        0.95,
        0.95,
        0.95,
        0.95,
        0.95,
        0.95,
        0.95,
        0.95,
        0.95,
        0.95,
        0.95,
        0.9,
        0.9,
        0.9,
        0.9,
        0.9,
        0.9,
        0.9,
        0.9,
        0.9,
        0.85,
        0.85,
        0.8,
        0.8,
        0.8,
        0.8,
        0.8,
        0.8,
        0.8,
        0.8,
        0.8,
        0.8,
        0.75,
        0.75,
        0.7,
        0.65,
        0.65,
        0.6,
        0.55,
        0.5,
        0.45,
        0.45,
        0.4,
        0.35,
        0.3,
        0.25,
        0.2,
        0.15,
        0.1,
        0.05,
        0.0
    ]
}