name,pred,time
0,0.05440929069177266,20230204-134429
1,0.04779136592279618,20230204-134430
2,0.04928908910426997,20230204-134432
3,0.053592188233543135,20230204-134434
4,0.050955639767133014,20230204-134436
5,0.04901821670117569,20230204-134438
6,0.049044104115004414,20230204-134440
7,0.050906666430505204,20230204-134442
8,0.056501681232899156,20230204-134444
9,0.05168476219992535,20230204-134446
