{
    "auc": 0.9779166666666667,
    "auc_0.1": 0.8837719298245614,
    "fpr": [
        0.0,
        0.0,
        0.01,
        0.01,
        0.015,
        0.015,
        0.02,
        0.02,
        0.025,
        0.025,
        0.035,
        0.035,
        0.075,
        0.075,
        1.0
    ],
    "tpr": [
        0.0,
        0.08333333333333333,
        0.08333333333333333,
        0.3333333333333333,
        0.3333333333333333,
        0.4166666666666667,
        0.4166666666666667,
        0.6666666666666666,
        0.6666666666666666,
        0.8333333333333334,
        0.8333333333333334,
        0.9166666666666666,
        0.9166666666666666,
        1.0,
        1.0
    ],
    "precision": [
        0.4444444444444444,
        0.4230769230769231,
        0.44,
        0.4583333333333333,
        0.4782608695652174,
        0.5,
        0.5238095238095238,
        0.55,
        0.5789473684210527,
        0.6111111111111112,
        0.5882352941176471,
        0.625,
        0.6666666666666666,
        0.6428571428571429,
        0.6153846153846154,
        0.6666666666666666,
        0.6363636363636364,
        0.6,
        0.5555555555555556,
        0.625,
        0.5714285714285714,
        0.6666666666666666,
        0.6,
        0.5,
        0.3333333333333333,
        0.5,
        1.0,
        1.0
    ],
    "recall": [
        1.0,
        0.9166666666666666,
        0.9166666666666666,
        0.9166666666666666,
        0.9166666666666666,
        0.9166666666666666,
        0.9166666666666666,
        0.9166666666666666,
        0.9166666666666666,
        0.9166666666666666,
        0.8333333333333334,
        0.8333333333333334,
        0.8333333333333334,
        0.75,
        0.6666666666666666,
        0.6666666666666666,
        0.5833333333333334,
        0.5,
        0.4166666666666667,
        0.4166666666666667,
        0.3333333333333333,
        0.3333333333333333,
        0.25,
        0.16666666666666666,
        0.08333333333333333,
        0.08333333333333333,
        0.08333333333333333,
        0.0
    ],
    "threshold": 0.006451780165624891
}