{
    "auc": 0.5418045112781955,
    "auc_0.1": 0.5156311832212109,
    "fpr": [
        0.0,
        0.007142857142857143,
        0.007142857142857143,
        0.014285714285714285,
        0.014285714285714285,
        0.05714285714285714,
        0.05714285714285714,
        0.07857142857142857,
        0.07857142857142857,
        0.10714285714285714,
        0.10714285714285714,
        0.12142857142857143,
        0.12142857142857143,
        0.15714285714285714,
        0.15714285714285714,
        0.16428571428571428,
        0.16428571428571428,
        0.17857142857142858,
        0.17857142857142858,
        0.19285714285714287,
        0.19285714285714287,
        0.2,
        0.2,
        0.20714285714285716,
        0.20714285714285716,
        0.21428571428571427,
        0.21428571428571427,
        0.22857142857142856,
        0.22857142857142856,
        0.24285714285714285,
        0.24285714285714285,
        0.2857142857142857,
        0.2857142857142857,
        0.3,
        0.3,
        0.30714285714285716,
        0.30714285714285716,
        0.3142857142857143,
        0.3142857142857143,
        0.32142857142857145,
        0.32142857142857145,
        0.32857142857142857,
        0.32857142857142857,
        0.35714285714285715,
        0.35714285714285715,
        0.37857142857142856,
        0.37857142857142856,
        0.4,
        0.4,
        0.4142857142857143,
        0.4142857142857143,
        0.42142857142857143,
        0.42142857142857143,
        0.45714285714285713,
        0.45714285714285713,
        0.4642857142857143,
        0.4642857142857143,
        0.4714285714285714,
        0.4714285714285714,
        0.4785714285714286,
        0.4785714285714286,
        0.4928571428571429,
        0.4928571428571429,
        0.5285714285714286,
        0.5285714285714286,
        0.55,
        0.55,
        0.5714285714285714,
        0.5714285714285714,
        0.5857142857142857,
        0.5857142857142857,
        0.6214285714285714,
        0.6214285714285714,
        0.6285714285714286,
        0.6285714285714286,
        0.6357142857142857,
        0.6357142857142857,
        0.6428571428571429,
        0.6428571428571429,
        0.65,
        0.65,
        0.6857142857142857,
        0.6857142857142857,
        0.7071428571428572,
        0.7071428571428572,
        0.7214285714285714,
        0.7214285714285714,
        0.7428571428571429,
        0.7428571428571429,
        0.75,
        0.75,
        0.7642857142857142,
        0.7642857142857142,
        0.7714285714285715,
        0.7714285714285715,
        0.7785714285714286,
        0.7785714285714286,
        0.8571428571428571,
        0.8571428571428571,
        0.8642857142857143,
        0.8642857142857143,
        0.8857142857142857,
        0.8857142857142857,
        0.9071428571428571,
        0.9071428571428571,
        0.9285714285714286,
        0.9285714285714286,
        0.9428571428571428,
        0.9428571428571428,
        0.9642857142857143,
        0.9642857142857143,
        0.9714285714285714,
        0.9714285714285714,
        0.9928571428571429,
        0.9928571428571429,
        1.0
    ],
    "tpr": [
        0.0,
        0.0,
        0.010526315789473684,
        0.010526315789473684,
        0.08421052631578947,
        0.08421052631578947,
        0.09473684210526316,
        0.09473684210526316,
        0.10526315789473684,
        0.10526315789473684,
        0.11578947368421053,
        0.11578947368421053,
        0.12631578947368421,
        0.12631578947368421,
        0.17894736842105263,
        0.17894736842105263,
        0.18947368421052632,
        0.18947368421052632,
        0.2,
        0.2,
        0.21052631578947367,
        0.21052631578947367,
        0.22105263157894736,
        0.22105263157894736,
        0.23157894736842105,
        0.23157894736842105,
        0.24210526315789474,
        0.24210526315789474,
        0.2736842105263158,
        0.2736842105263158,
        0.28421052631578947,
        0.28421052631578947,
        0.29473684210526313,
        0.29473684210526313,
        0.30526315789473685,
        0.30526315789473685,
        0.3157894736842105,
        0.3157894736842105,
        0.35789473684210527,
        0.35789473684210527,
        0.37894736842105264,
        0.37894736842105264,
        0.4105263157894737,
        0.4105263157894737,
        0.42105263157894735,
        0.42105263157894735,
        0.45263157894736844,
        0.45263157894736844,
        0.4842105263157895,
        0.4842105263157895,
        0.5052631578947369,
        0.5052631578947369,
        0.5157894736842106,
        0.5157894736842106,
        0.5263157894736842,
        0.5263157894736842,
        0.5578947368421052,
        0.5578947368421052,
        0.5684210526315789,
        0.5684210526315789,
        0.5789473684210527,
        0.5789473684210527,
        0.5894736842105263,
        0.5894736842105263,
        0.6,
        0.6,
        0.6105263157894737,
        0.6105263157894737,
        0.6210526315789474,
        0.6210526315789474,
        0.6526315789473685,
        0.6526315789473685,
        0.6631578947368421,
        0.6631578947368421,
        0.6842105263157895,
        0.6842105263157895,
        0.6947368421052632,
        0.6947368421052632,
        0.7052631578947368,
        0.7052631578947368,
        0.7157894736842105,
        0.7157894736842105,
        0.7368421052631579,
        0.7368421052631579,
        0.7473684210526316,
        0.7473684210526316,
        0.7789473684210526,
        0.7789473684210526,
        0.7894736842105263,
        0.7894736842105263,
        0.8210526315789474,
        0.8210526315789474,
        0.8315789473684211,
        0.8315789473684211,
        0.8631578947368421,
        0.8631578947368421,
        0.8842105263157894,
        0.8842105263157894,
        0.8947368421052632,
        0.8947368421052632,
        0.9052631578947369,
        0.9052631578947369,
        0.9368421052631579,
        0.9368421052631579,
        0.9473684210526315,
        0.9473684210526315,
        0.9578947368421052,
        0.9578947368421052,
        0.968421052631579,
        0.968421052631579,
        0.9789473684210527,
        0.9789473684210527,
        0.9894736842105263,
        0.9894736842105263,
        1.0,
        1.0
    ],