{
    "auc": 0.8686666666666667,
    "auc_0.1": 0.8175438596491227,
    "fpr": [
        0.0,
        0.0,
        0.0,
        0.005,
        0.005,
        0.02,
        0.02,
        0.035,
        0.035,
        0.06,
        0.06,
        0.345,
        0.345,
        0.395,
        0.395,
        0.515,
        0.515,
        0.595,
        0.595,
        1.0
    ],
    "tpr": [
        0.0,
        0.06666666666666667,
        0.4666666666666667,
        0.4666666666666667,
        0.5333333333333333,
        0.5333333333333333,
        0.6,
        0.6,
        0.6666666666666666,
        0.6666666666666666,
        0.7333333333333333,
        0.7333333333333333,
        0.8,
        0.8,
        0.8666666666666667,
        0.8666666666666667,
        0.9333333333333333,
        0.9333333333333333,
        1.0,
        1.0
    ],
    "precision": [
        0.11194029850746269,
        0.10526315789473684,
        0.10606060606060606,
        0.10687022900763359,
        0.1076923076923077,
        0.10852713178294573,
        0.109375,
        0.11023622047244094,
        0.1111111111111111,
        0.112,
        0.11290322580645161,
        0.11382113821138211,
        0.11475409836065574,
        0.11570247933884298,
        0.11666666666666667,
        0.11764705882352941,
        0.11864406779661017,
        0.11965811965811966,
        0.11206896551724138,
        0.11304347826086956,
        0.11403508771929824,
        0.11504424778761062,
        0.11607142857142858,
        0.11711711711711711,
        0.11818181818181818,
        0.11926605504587157,
        0.12037037037037036,
        0.12149532710280374,
        0.12264150943396226,
        0.12380952380952381,
        0.125,
        0.1262135922330097,
        0.12745098039215685,
        0.12871287128712872,
        0.13,
        0.13131313131313133,
        0.1326530612244898,
        0.13402061855670103,
        0.13541666666666666,
        0.1368421052631579,
        0.13829787234042554,
        0.13978494623655913,
        0.14130434782608695,
        0.13186813186813187,
        0.13333333333333333,
        0.1348314606741573,
        0.13636363636363635,
        0.13793103448275862,
        0.13953488372093023,
        0.1411764705882353,
        0.14285714285714285,
        0.14457831325301204,
        0.14634146341463414,
        0.14814814814814814,
        0.1375,
        0.13924050632911392,
        0.14102564102564102,
        0.14285714285714285,
        0.14473684210526316,
        0.14666666666666667,
        0.14864864864864866,
        0.1506849315068493,
        0.1527777777777778,
        0.15492957746478872,
        0.15714285714285714,
        0.15942028985507245,
        0.16176470588235295,
        0.16417910447761194,
        0.16666666666666666,
        0.16923076923076924,
        0.171875,
        0.1746031746031746,
        0.1774193548387097,
        0.18032786885245902,
        0.18333333333333332,
        0.1864406779661017,
        0.1896551724137931,
        0.19298245614035087,
        0.19642857142857142,
        0.2,
        0.2037037037037037,
        0.20754716981132076,
        0.21153846153846154,
        0.21568627450980393,
        0.22,
        0.22448979591836735,
        0.22916666666666666,
        0.23404255319148937,
        0.2391304347826087,
        0.24444444444444444,
        0.25,
        0.2558139534883721,
        0.2619047619047619,
        0.2682926829268293,
        0.275,
        0.28205128205128205,
        0.2894736842105263,
        0.2972972972972973,
        0.3055555555555556,
        0.3142857142857143,
        0.3235294117647059,
        0.3333333333333333,
        0.34375,
        0.3548387096774194,
        0.36666666666666664,
        0.3793103448275862,
        0.39285714285714285,
        0.4074074074074074,
        0.4230769230769231,
        0.44,
        0.4583333333333333,
        0.4782608695652174,
        0.45454545454545453,
        0.47619047619047616,
        0.5,
        0.5263157894736842,
        0.5555555555555556,
        0.5882352941176471,
        0.5625,
        0.6,
        0.6428571428571429,
        0.6923076923076923,
        0.6666666666666666,
        0.7272727272727273,
        0.8,
        0.8888888888888888,
        0.875,
        1.0,
        1.0,
        1.0,
        1.0,
        1.0,
        1.0,
        1.0,
        1.0
    ],
    "recall": [
        1.0,
        0.9333333333333333,
        0.9333333333333333,
        0.9333333333333333,
        0.9333333333333333,
        0.9333333333333333,
        0.9333333333333333,
        0.9333333333333333,
        0.9333333333333333,
        0.9333333333333333,
        0.9333333333333333,
        0.9333333333333333,
        0.9333333333333333,
        0.9333333333333333,
        0.9333333333333333,
        0.9333333333333333,
        0.9333333333333333,
        0.9333333333333333,
        0.8666666666666667,
        0.8666666666666667,
        0.8666666666666667,
        0.8666666666666667,
        0.8666666666666667,
        0.8666666666666667,
        0.8666666666666667,
        0.8666666666666667,
        0.8666666666666667,
        0.8666666666666667,
        0.8666666666666667,
        0.8666666666666667,
        0.8666666666666667,
        0.8666666666666667,
        0.8666666666666667,
        0.8666666666666667,
        0.8666666666666667,
        0.8666666666666667,
        0.8666666666666667,
        0.8666666666666667,
        0.8666666666666667,
        0.8666666666666667,
        0.8666666666666667,
        0.8666666666666667,
        0.8666666666666667,
        0.8,
        0.8,
        0.8,
        0.8,
        0.8,
        0.8,
        0.8,
        0.8,
        0.8,
        0.8,
        0.8,
        0.7333333333333333,
        0.7333333333333333,
        0.7333333333333333,
        0.7333333333333333,
        0.7333333333333333,
        0.7333333333333333,
        0.7333333333333333,
        0.7333333333333333,
        0.7333333333333333,
        0.7333333333333333,
        0.7333333333333333,
        0.7333333333333333,
        0.7333333333333333,
        0.7333333333333333,
        0.7333333333333333,
        0.7333333333333333,
        0.7333333333333333,
        0.7333333333333333,
        0.7333333333333333,
        0.7333333333333333,
        0.7333333333333333,
        0.7333333333333333,
        0.7333333333333333,
        0.7333333333333333,
        0.7333333333333333,
        0.7333333333333333,
        0.7333333333333333,
        0.7333333333333333,
        0.7333333333333333,
        0.7333333333333333,
        0.7333333333333333,
        0.7333333333333333,
        0.7333333333333333,
        0.7333333333333333,
        0.7333333333333333,
        0.7333333333333333,
        0.7333333333333333,
        0.7333333333333333,
        0.7333333333333333,
        0.7333333333333333,
        0.7333333333333333,
        0.7333333333333333,
        0.7333333333333333,
        0.7333333333333333,
        0.7333333333333333,
        0.7333333333333333,
        0.7333333333333333,
        0.7333333333333333,
        0.7333333333333333,
        0.7333333333333333,
        0.7333333333333333,
        0.7333333333333333,
        0.7333333333333333,
        0.7333333333333333,
        0.7333333333333333,
        0.7333333333333333,
        0.7333333333333333,
        0.7333333333333333,
        0.6666666666666666,
        0.6666666666666666,
        0.6666666666666666,
        0.6666666666666666,
        0.6666666666666666,
        0.6666666666666666,
        0.6,
        0.6,
        0.6,
        0.6,
        0.5333333333333333,
        0.5333333333333333,
        0.5333333333333333,
        0.5333333333333333,
        0.4666666666666667,
        0.4666666666666667,
        0.4,
        0.3333333333333333,
        0.26666666666666666,
        0.2,
        0.13333333333333333,
        0.06666666666666667,
        0.0
    ],
    "threshold": 0.002186401409072859
}