{
    "auc": 0.6745864661654134,
    "auc_0.1": 0.6343490304709142,
    "fpr": [
        0.0,
        0.0,
        0.0,
        0.007142857142857143,
        0.007142857142857143,
        0.02857142857142857,
        0.02857142857142857,
        0.04285714285714286,
        0.04285714285714286,
        0.05,
        0.05,
        0.05714285714285714,
        0.05714285714285714,
        0.06428571428571428,
        0.06428571428571428,
        0.07857142857142857,
        0.07857142857142857,
        0.08571428571428572,
        0.08571428571428572,
        0.10714285714285714,
        0.10714285714285714,
        0.12142857142857143,
        0.12142857142857143,
        0.12857142857142856,
        0.12857142857142856,
        0.1357142857142857,
        0.1357142857142857,
        0.14285714285714285,
        0.14285714285714285,
        0.15714285714285714,
        0.15714285714285714,
        0.17142857142857143,
        0.17142857142857143,
        0.20714285714285716,
        0.20714285714285716,
        0.21428571428571427,
        0.21428571428571427,
        0.30714285714285716,
        0.30714285714285716,
        0.3357142857142857,
        0.3357142857142857,
        0.40714285714285714,
        0.40714285714285714,
        0.4357142857142857,
        0.4357142857142857,
        0.4642857142857143,
        0.4642857142857143,
        0.5214285714285715,
        0.5214285714285715,
        0.5285714285714286,
        0.5285714285714286,
        0.5428571428571428,
        0.5428571428571428,
        0.6,
        0.6,
        0.6214285714285714,
        0.6214285714285714,
        0.6285714285714286,
        0.6285714285714286,
        0.6357142857142857,
        0.6357142857142857,
        0.65,
        0.65,
        0.6571428571428571,
        0.6571428571428571,
        0.6714285714285714,
        0.6714285714285714,
        0.6857142857142857,
        0.6857142857142857,
        0.7571428571428571,
        0.7571428571428571,
        0.7785714285714286,
        0.7785714285714286,
        0.7857142857142857,
        0.7857142857142857,
        0.8,
        0.8,
        0.8071428571428572,
        0.8071428571428572,
        0.8214285714285714,
        0.8214285714285714,
        0.8428571428571429,
        0.8428571428571429,
        0.8785714285714286,
        0.8785714285714286,
        0.9214285714285714,
        0.9214285714285714,
        0.9357142857142857,
        0.9357142857142857,
        0.95,
        0.95,
        0.9571428571428572,
        0.9571428571428572,
        0.9642857142857143,
        0.9642857142857143,
        0.9714285714285714,
        0.9714285714285714,
        0.9857142857142858,
        0.9857142857142858,
        1.0,
        1.0
    ],
    "tpr": [
        0.0,
        0.010526315789473684,
        0.031578947368421054,
        0.031578947368421054,
        0.25263157894736843,
        0.25263157894736843,
        0.2736842105263158,
        0.2736842105263158,
        0.28421052631578947,
        0.28421052631578947,
        0.29473684210526313,
        0.29473684210526313,
        0.3368421052631579,
        0.3368421052631579,
        0.37894736842105264,
        0.37894736842105264,
        0.4,
        0.4,
        0.43157894736842106,
        0.43157894736842106,
        0.49473684210526314,
        0.49473684210526314,
        0.5052631578947369,
        0.5052631578947369,
        0.5157894736842106,
        0.5157894736842106,
        0.5263157894736842,
        0.5263157894736842,
        0.5368421052631579,
        0.5368421052631579,
        0.5473684210526316,
        0.5473684210526316,
        0.5578947368421052,
        0.5578947368421052,
        0.5894736842105263,
        0.5894736842105263,
        0.6,
        0.6,
        0.6105263157894737,
        0.6105263157894737,
        0.6210526315789474,
        0.6210526315789474,
        0.631578947368421,
        0.631578947368421,
        0.6421052631578947,
        0.6421052631578947,
        0.6631578947368421,
        0.6631578947368421,
        0.6736842105263158,
        0.6736842105263158,
        0.6842105263157895,
        0.6842105263157895,
        0.6947368421052632,
        0.6947368421052632,
        0.7052631578947368,
        0.7052631578947368,
        0.7263157894736842,
        0.7263157894736842,
        0.7368421052631579,
        0.7368421052631579,
        0.7473684210526316,
        0.7473684210526316,
        0.7578947368421053,
        0.7578947368421053,
        0.7789473684210526,
        0.7789473684210526,
        0.7894736842105263,
        0.7894736842105263,
        0.8,
        0.8,
        0.8105263157894737,
        0.8105263157894737,
        0.8210526315789474,
        0.8210526315789474,
        0.8315789473684211,
        0.8315789473684211,
        0.8421052631578947,
        0.8421052631578947,
        0.8526315789473684,
        0.8526315789473684,
        0.8631578947368421,
        0.8631578947368421,
        0.8736842105263158,
        0.8736842105263158,
        0.8947368421052632,
        0.8947368421052632,
        0.9157894736842105,
        0.9157894736842105,
        0.9263157894736842,
        0.9263157894736842,
        0.9368421052631579,
        0.9368421052631579,
        0.9473684210526315,
        0.9473684210526315,
        0.9578947368421052,
        0.9578947368421052,
        0.968421052631579,
        0.968421052631579,
        0.9894736842105263,
        0.9894736842105263,
        1.0
    ],