{
    "precision": [
        0.2,
        0.20212765957446807,
        0.20430107526881722,
        0.20652173913043478,
        0.2087912087912088,
        0.2111111111111111,
        0.21348314606741572,
        0.2159090909090909,
        0.21839080459770116,
        0.22093023255813954,
        0.2235294117647059,
        0.2261904761904762,
        0.2289156626506024,
        0.23170731707317074,
        0.2345679012345679,
        0.2375,
        0.24050632911392406,
        0.24358974358974358,
        0.24675324675324675,
        0.25,
        0.25333333333333335,
        0.25675675675675674,
        0.2602739726027397,
        0.2638888888888889,
        0.2676056338028169,
        0.2714285714285714,
        0.2753623188405797,
        0.27941176470588236,
        0.2835820895522388,
        0.2878787878787879,
        0.2923076923076923,
        0.296875,
        0.30158730158730157,
        0.3064516129032258,
        0.3114754098360656,
        0.31666666666666665,
        0.3220338983050847,
        0.3275862068965517,
        0.3333333333333333,
        0.3392857142857143,
        0.34545454545454546,
        0.3333333333333333,
        0.33962264150943394,
        0.34615384615384615,
        0.3333333333333333,
        0.34,
        0.3469387755102041,
        0.3541666666666667,
        0.3617021276595745,
        0.3695652173913043,
        0.35555555555555557,
        0.36363636363636365,
        0.37209302325581395,
        0.38095238095238093,
        0.3902439024390244,
        0.375,
        0.38461538461538464,
        0.39473684210526316,
        0.40540540540540543,
        0.4166666666666667,
        0.42857142857142855,
        0.4117647058823529,
        0.3939393939393939,
        0.40625,
        0.3870967741935484,
        0.4,
        0.41379310344827586,
        0.39285714285714285,
        0.4074074074074074,
        0.4230769230769231,
        0.44,
        0.4166666666666667,
        0.43478260869565216,
        0.4090909090909091,
        0.42857142857142855,
        0.45,
        0.47368421052631576,
        0.5,
        0.5294117647058824,
        0.5625,
        0.5333333333333333,
        0.5714285714285714,
        0.6153846153846154,
        0.6666666666666666,
        0.6363636363636364,
        0.7,
        0.7777777777777778,
        0.875,
        0.8571428571428571,
        1.0,
        1.0,
        1.0,
        1.0,
        1.0,
        1.0,
        1.0
    ],
    "recall": [
        1.0,
        1.0,
        1.0,
        1.0,
        1.0,
        1.0,
        1.0,
        1.0,
        1.0,
        1.0,
        1.0,
        1.0,
        1.0,
        1.0,
        1.0,
        1.0,
        1.0,
        1.0,
        1.0,
        1.0,
        1.0,
        1.0,
        1.0,
        1.0,
        1.0,
        1.0,
        1.0,
        1.0,
        1.0,
        1.0,
        1.0,
        1.0,
        1.0,
        1.0,
        1.0,
        1.0,
        1.0,
        1.0,
        1.0,
        1.0,
        1.0,
        0.9473684210526315,
        0.9473684210526315,
        0.9473684210526315,
        0.8947368421052632,
        0.8947368421052632,
        0.8947368421052632,
        0.8947368421052632,
        0.8947368421052632,
        0.8947368421052632,
        0.8421052631578947,
        0.8421052631578947,
        0.8421052631578947,
        0.8421052631578947,
        0.8421052631578947,
        0.7894736842105263,
        0.7894736842105263,
        0.7894736842105263,
        0.7894736842105263,
        0.7894736842105263,
        0.7894736842105263,
        0.7368421052631579,
        0.6842105263157895,
        0.6842105263157895,
        0.631578947368421,
        0.631578947368421,
        0.631578947368421,
        0.5789473684210527,
        0.5789473684210527,
        0.5789473684210527,
        0.5789473684210527,
        0.5263157894736842,
        0.5263157894736842,
        0.47368421052631576,
        0.47368421052631576,
        0.47368421052631576,
        0.47368421052631576,
        0.47368421052631576,
        0.47368421052631576,
        0.47368421052631576,
        0.42105263157894735,
        0.42105263157894735,
        0.42105263157894735,
        0.42105263157894735,
        0.3684210526315789,
        0.3684210526315789,
        0.3684210526315789,
        0.3684210526315789,
        0.3157894736842105,
        0.3157894736842105,
        0.2631578947368421,
        0.21052631578947367,
        0.15789473684210525,
        0.10526315789473684,
        0.05263157894736842,
        0.0
    ],
    "threshold": 0.005897329654544592,
    "max": 51.67738342285156,
    "min": -23.14520263671875
}