{"time": [0.00019812583923339844, 1.841637134552002, 3.2015159130096436, 4.6072351932525635, 5.954188823699951, 7.473593711853027, 8.860063076019287, 10.257505416870117, 11.665449380874634, 13.053377151489258, 14.49707317352295, 15.897805452346802, 17.299373865127563, 18.718976974487305, 20.114357471466064, 21.584051609039307, 23.001450538635254, 24.406304121017456, 25.872326135635376, 27.296628952026367, 28.659458875656128, 30.097145080566406, 31.547702312469482, 33.11285710334778, 34.52767467498779, 35.91700291633606, 37.32691287994385, 38.768518924713135, 40.201913833618164, 41.63119649887085, 43.04142951965332, 44.478670597076416, 45.96958899497986, 47.425851345062256, 48.8337128162384, 50.22932553291321, 51.65801525115967, 53.132301568984985, 54.55584645271301, 56.01997256278992, 57.460630655288696, 58.89057397842407, 60.37960624694824, 61.86279654502869, 63.383450508117676, 64.87181687355042, 66.36111831665039, 67.85407090187073, 69.36769509315491, 70.94560098648071, 72.58037090301514, 74.09136366844177, 75.62303471565247, 77.23984265327454, 78.77587723731995, 80.37087273597717, 81.92426896095276, 83.4260983467102, 84.9616482257843, 86.5750002861023, 88.0842924118042, 89.68912982940674, 91.26831603050232, 92.80121541023254, 94.29180669784546, 95.81327676773071, 97.38250541687012, 98.89621949195862, 100.49586725234985, 102.10441970825195, 103.71571207046509, 105.28265738487244, 106.76394176483154, 108.29910230636597, 109.81587147712708, 111.38352704048157, 112.93042039871216, 114.48261499404907, 116.0156581401825, 117.5271897315979, 119.11846256256104, 120.71464943885803, 122.32177233695984, 123.89260363578796, 125.57745718955994, 127.32573986053467, 128.9855182170868, 130.54529404640198, 132.11071681976318, 133.65498185157776, 135.17295002937317, 136.79375314712524, 138.3320870399475, 139.8449263572693, 141.41170239448547, 142.961683511734, 144.59483170509338, 146.16376519203186, 147.71005582809448, 149.24696397781372, 150.84726858139038, 152.41581296920776, 154.11381101608276, 155.7056121826172, 157.25673007965088, 158.90226006507874, 160.5209996700287], "cpu": [13.9875, 12.4875, 10.9875, 20.85, 15.8625, 20.475, 9.25, 14.3625, 22.1, 5.0, 15.9875, 11.6125, 7.4875, 19.975, 13.3625, 5.875, 16.4875, 15.975, 6.375, 16.85, 17.35, 6.4875, 15.6125, 18.225, 9.8625, 14.6125, 22.1, 13.5, 10.3625, 19.125, 15.6125, 8.3625, 17.225, 19.6, 9.9875, 15.3625, 21.85, 14.875, 6.375, 15.6125, 21.85, 9.7375, 15.1125, 21.85, 16.1125, 9.6125, 12.7375, 16.6, 9.6125, 15.1125, 22.2375, 12.8625, 9.4875, 19.7375, 12.9875, 5.7375, 16.6125, 19.725, 9.2375, 12.7375, 19.3625, 17.475, 10.625, 15.85, 21.975, 15.1125, 9.3625, 11.125, 18.3625, 14.6, 6.7375, 13.9875, 21.1125, 16.725, 9.3625, 11.625, 19.975, 16.2375, 9.6125, 11.3625, 18.975, 18.975, 12.7375, 8.6125, 18.975, 19.4875, 11.4875, 5.625, 14.9875, 21.35, 13.2375, 8.3625, 13.3625, 19.35, 19.6, 13.2375, 9.2375, 16.2375, 22.375, 14.4875, 9.6125, 12.8625, 16.375, 22.1, 13.4875, 9.1125, 16.975], "ram": [1819.3203125, 2268.6953125, 2271.8984375, 2281.32421875, 2289.75390625, 2298.1953125, 2300.59375, 2303.83203125, 2316.58203125, 2320.3515625, 2331.2890625, 2339.12109375, 2345.20703125, 2351.97265625, 2351.98046875, 2352.015625, 2353.15625, 2353.234375, 2353.34375, 2353.34765625, 2353.92578125, 2354.546875, 2355.7578125, 2355.8046875, 2356.32421875, 2357.47265625, 2357.77734375, 2358.640625, 2358.74609375, 2358.75, 2358.65234375, 2358.76953125, 2358.77734375, 2358.671875, 2358.67578125, 2358.78125, 2358.78125, 2358.6796875, 2358.80078125, 2359.3125, 2359.18359375, 2359.18359375, 2359.3203125, 2359.33203125, 2359.234375, 2359.2421875, 2359.39453125, 2359.296875, 2359.3046875, 2359.91796875, 2359.8125, 2359.82421875, 2359.94921875, 2359.83203125, 2359.84375, 2359.85546875, 2360.15234375, 2360.046875, 2361.7109375, 2361.81640625, 2361.828125, 2361.734375, 2361.84375, 2361.83984375, 2361.734375, 2361.7421875, 2361.7421875, 2361.84765625, 2361.85546875, 2361.75390625, 2361.7578125, 2361.859375, 2361.859375, 2362.24609375, 2362.24609375, 2362.34765625, 2362.6953125, 2362.59375, 2362.59375, 2362.703125, 2362.703125, 2362.61328125, 2362.6171875, 2362.72265625, 2362.72265625, 2363.1015625, 2363.109375, 2363.22265625, 2363.23828125, 2363.28125, 2363.28125, 2363.28125, 2363.390625, 2363.38671875, 2363.28515625, 2363.2890625, 2363.39453125, 2363.90625, 2363.79296875, 2363.79296875, 2363.796875, 2363.8984375, 2364.7109375, 2364.62109375, 2364.62109375, 2364.62109375, 2373.79296875], "gpu": [4.0, 89.0, 50.0, 21.0, 79.0, 0.0, 10.0, 94.0, 0.0, 0.0, 74.0, 1.0, 78.0, 10.0, 28.999999999999996, 91.0, 84.0, 28.999999999999996, 87.0, 83.0, 0.0, 78.0, 94.0, 0.0, 0.0, 77.0, 46.0, 0.0, 77.0, 71.0, 12.0, 85.0, 77.0, 0.0, 28.000000000000004, 78.0, 77.0, 28.999999999999996, 79.0, 84.0, 0.0, 11.0, 87.0, 67.0, 0.0, 18.0, 74.0, 0.0, 11.0, 90.0, 0.0, 0.0, 88.0, 10.0, 28.999999999999996, 85.0, 82.0, 0.0, 28.000000000000004, 82.0, 80.0, 0.0, 22.0, 85.0, 16.0, 28.999999999999996, 5.0, 94.0, 87.0, 6.0, 86.0, 94.0, 90.0, 0.0, 28.000000000000004, 85.0, 91.0, 0.0, 26.0, 95.0, 68.0, 0.0, 0.0, 91.0, 49.0, 0.0, 0.0, 79.0, 91.0, 14.000000000000002, 28.999999999999996, 66.0, 79.0, 83.0, 0.0, 28.000000000000004, 88.0, 76.0, 18.0, 28.999999999999996, 54.0, 87.0, 79.0, 0.0, 28.999999999999996, 0.0, 0.0], "gpu_mem": [3375.0, 3522.0, 3522.0, 3522.0, 3522.0, 3522.0, 3522.0, 3522.0, 3522.0, 3522.0, 3522.0, 3522.0, 3522.0, 3522.0, 3522.0, 3522.0, 3522.0, 3522.0, 3522.0, 3522.0, 3522.0, 3522.0, 3522.0, 3522.0, 3522.0, 3522.0, 3522.0, 3522.0, 3522.0, 3522.0, 3522.0, 3522.0, 3522.0, 3522.0, 3522.0, 3522.0, 3522.0, 3522.0, 3522.0, 3522.0, 3522.0, 3522.0, 3522.0, 3522.0, 3522.0, 3522.0, 3522.0, 3522.0, 3522.0, 3522.0, 3522.0, 3522.0, 3522.0, 3522.0, 3522.0, 3522.0, 3522.0, 3522.0, 3522.0, 3522.0, 3522.0, 3522.0, 3522.0, 3522.0, 3522.0, 3522.0, 3522.0, 3522.0, 3522.0, 3522.0, 3522.0, 3522.0, 3522.0, 3522.0, 3522.0, 3522.0, 3522.0, 3522.0, 3522.0, 3522.0, 3522.0, 3522.0, 3522.0, 3522.0, 3522.0, 3522.0, 3522.0, 3522.0, 3522.0, 3522.0, 3522.0, 3522.0, 3522.0, 3522.0, 3522.0, 3522.0, 3522.0, 3522.0, 3522.0, 3522.0, 3522.0, 3522.0, 3522.0, 3522.0, 3522.0, 3522.0, 3522.0]}