{
    "auc": 0.9006666666666667,
    "auc_0.1": 0.8368421052631578,
    "fpr": [
        0.0,
        0.0,
        0.0,
        0.005,
        0.005,
        0.01,
        0.01,
        0.02,
        0.02,
        0.03,
        0.03,
        0.045,
        0.045,
        0.05,
        0.05,
        0.075,
        0.075,
        0.475,
        0.475,
        0.75,
        0.75,
        1.0
    ],
    "tpr": [
        0.0,
        0.06666666666666667,
        0.2,
        0.2,
        0.26666666666666666,
        0.26666666666666666,
        0.5333333333333333,
        0.5333333333333333,
        0.6,
        0.6,
        0.6666666666666666,
        0.6666666666666666,
        0.7333333333333333,
        0.7333333333333333,
        0.8,
        0.8,
        0.8666666666666667,
        0.8666666666666667,
        0.9333333333333333,
        0.9333333333333333,
        1.0,
        1.0
    ],
    "precision": [
        0.09090909090909091,
        0.08536585365853659,
        0.08588957055214724,
        0.08641975308641975,
        0.08695652173913043,
        0.0875,
        0.0880503144654088,
        0.08860759493670886,
        0.08917197452229299,
        0.08974358974358974,
        0.09032258064516129,
        0.09090909090909091,
        0.0915032679738562,
        0.09210526315789473,
        0.09271523178807947,
        0.09333333333333334,
        0.09395973154362416,
        0.0945945945945946,
        0.09523809523809523,
        0.0958904109589041,
        0.09655172413793103,
        0.09722222222222222,
        0.0979020979020979,
        0.09859154929577464,
        0.09929078014184398,
        0.1,
        0.10071942446043165,
        0.10144927536231885,
        0.10218978102189781,
        0.10294117647058823,
        0.1037037037037037,
        0.1044776119402985,
        0.10526315789473684,
        0.10606060606060606,
        0.10687022900763359,
        0.1076923076923077,
        0.10852713178294573,
        0.109375,
        0.11023622047244094,
        0.1111111111111111,
        0.112,
        0.11290322580645161,
        0.11382113821138211,
        0.11475409836065574,
        0.11570247933884298,
        0.11666666666666667,
        0.11764705882352941,
        0.11864406779661017,
        0.11965811965811966,
        0.1206896551724138,
        0.12173913043478261,
        0.12280701754385964,
        0.12389380530973451,
        0.125,
        0.12612612612612611,
        0.12727272727272726,
        0.12844036697247707,
        0.12037037037037036,
        0.12149532710280374,
        0.12264150943396226,
        0.12380952380952381,
        0.125,
        0.1262135922330097,
        0.12745098039215685,
        0.12871287128712872,
        0.13,
        0.13131313131313133,
        0.1326530612244898,
        0.13402061855670103,
        0.13541666666666666,
        0.1368421052631579,
        0.13829787234042554,
        0.13978494623655913,
        0.14130434782608695,
        0.14285714285714285,
        0.14444444444444443,
        0.14606741573033707,
        0.14772727272727273,
        0.14942528735632185,
        0.1511627906976744,
        0.15294117647058825,
        0.15476190476190477,
        0.1566265060240964,
        0.15853658536585366,
        0.16049382716049382,
        0.1625,
        0.16455696202531644,
        0.16666666666666666,
        0.16883116883116883,
        0.17105263157894737,
        0.17333333333333334,
        0.17567567567567569,
        0.1780821917808219,
        0.18055555555555555,
        0.18309859154929578,
        0.18571428571428572,
        0.18840579710144928,
        0.19117647058823528,
        0.19402985074626866,
        0.19696969696969696,
        0.2,
        0.203125,
        0.20634920634920634,
        0.20967741935483872,
        0.21311475409836064,
        0.21666666666666667,
        0.22033898305084745,
        0.22413793103448276,
        0.22807017543859648,
        0.23214285714285715,
        0.23636363636363636,
        0.24074074074074073,
        0.24528301886792453,
        0.25,
        0.2549019607843137,
        0.26,
        0.2653061224489796,
        0.2708333333333333,
        0.2765957446808511,
        0.2826086956521739,
        0.28888888888888886,
        0.29545454545454547,
        0.3023255813953488,
        0.30952380952380953,
        0.3170731707317073,
        0.325,
        0.3333333333333333,
        0.34210526315789475,
        0.35135135135135137,
        0.3611111111111111,
        0.37142857142857144,
        0.38235294117647056,
        0.3939393939393939,
        0.40625,
        0.41935483870967744,
        0.43333333333333335,
        0.4482758620689655,
        0.4642857142857143,
        0.4444444444444444,
        0.46153846153846156,
        0.48,
        0.5,
        0.5217391304347826,
        0.5454545454545454,
        0.5238095238095238,
        0.55,
        0.5263157894736842,
        0.5555555555555556,
        0.5882352941176471,
        0.625,
        0.6,
        0.6428571428571429,
        0.6923076923076923,
        0.6666666666666666,
        0.7272727272727273,
        0.8,
        0.7777777777777778,
        0.75,
        0.7142857142857143,
        0.6666666666666666,
        0.8,
        0.75,
        1.0,
        1.0,
        1.0,
        1.0
    ],