{"time": [0.00021195411682128906, 1.772590160369873, 3.099376678466797, 4.427618980407715, 5.770229816436768, 7.130382061004639, 8.6145601272583, 10.104735374450684, 11.464256525039673, 13.004684925079346], "cpu": [7.6125, 7.2375, 17.725, 16.85, 15.3625, 7.75, 15.375, 21.7375, 11.1125, 13.1125], "ram": [2046.3828125000002, 2178.10546875, 2189.69140625, 2201.88671875, 2211.453125, 2217.0859375, 2228.95703125, 2232.3046875, 2232.28515625, 2245.1953125], "gpu": [3.0, 85.0, 99.0, 94.0, 20.0, 50.0, 86.0, 0.0, 3.0, 0.0], "gpu_mem": [4001.0, 4034.0, 4034.0, 4034.0, 4034.0, 4034.0, 4034.0, 4034.0, 4034.0, 4034.0]}