{"time": [0.0002543926239013672, 1.876835823059082, 3.344583511352539, 4.7818944454193115, 6.14803147315979, 7.525047779083252, 8.861328363418579, 10.266806364059448, 11.725294589996338, 13.147644519805908, 14.508461475372314, 15.875673294067383, 17.269005060195923, 18.68358087539673, 20.14213991165161, 21.598995208740234, 23.004810571670532, 24.381409168243408, 25.825302839279175, 27.21220064163208, 28.593358993530273, 30.023030281066895, 31.45297861099243, 32.87902784347534, 34.32593584060669, 35.72529149055481, 37.12535905838013, 38.539883852005005, 40.00989818572998, 41.43604397773743, 42.840567111968994, 44.245424032211304, 45.68285155296326, 47.10742712020874, 48.555423736572266, 49.991711378097534, 51.446237325668335, 52.88266444206238, 54.33651375770569, 55.816002368927, 57.290122270584106, 58.75566864013672, 60.21344256401062, 61.64151453971863, 63.09300088882446, 64.55090045928955, 65.97276830673218, 67.40030765533447, 68.83700394630432, 70.34004855155945, 71.80104041099548, 73.25396728515625, 74.82814955711365, 76.31693243980408, 77.79383540153503, 79.2538890838623, 80.74034190177917, 82.25361275672913, 83.72332644462585, 85.21279549598694, 86.6780652999878, 88.2038369178772, 89.67298722267151, 91.23581433296204, 92.77822256088257, 94.28080892562866, 95.82354927062988, 97.31515002250671, 98.81739163398743, 100.30335593223572, 101.83036613464355, 103.33918070793152, 104.8188579082489, 106.34292244911194, 107.83051371574402, 109.36285305023193, 110.91890692710876, 112.42460560798645, 113.92650508880615, 115.52861475944519, 117.10281300544739, 118.63746738433838, 120.15199708938599, 121.70910215377808, 123.26153874397278, 124.81084489822388, 126.36956763267517, 127.90462923049927, 129.50110793113708, 131.05045557022095, 132.5930414199829, 134.16553163528442, 135.70323657989502, 137.31634831428528, 138.89413046836853, 140.5924530029297, 142.21564984321594, 143.80851459503174, 145.40183353424072, 147.0155999660492, 148.63619995117188, 150.2272129058838], "cpu": [11.6125, 9.4875, 14.6125, 6.25, 14.9875, 21.475, 3.75, 17.975, 15.6125, 8.3625, 13.625, 20.725, 14.1125, 7.25, 16.625, 18.1, 9.2375, 11.9875, 18.35, 15.1125, 5.75, 15.0, 21.475, 14.2375, 7.5, 15.4875, 21.85, 12.4875, 7.375, 13.4875, 16.85, 8.2375, 14.3625, 14.6125, 5.7375, 14.8625, 19.475, 15.6125, 6.4875, 14.3625, 18.25, 19.6, 10.4875, 8.7375, 18.25, 20.725, 12.3625, 6.7375, 14.75, 19.625, 15.2375, 7.9875, 8.3625, 15.1125, 17.2375, 8.875, 11.1125, 17.8625, 19.5, 12.6125, 8.7375, 14.9875, 21.35, 14.0, 7.6125, 11.6125, 17.725, 19.35, 10.1125, 8.3625, 15.3625, 21.475, 13.7375, 8.375, 13.875, 17.1, 17.475, 9.4875, 8.7375, 15.475, 19.1, 18.475, 11.9875, 5.375, 13.2375, 18.875, 20.2375, 12.3625, 8.1125, 10.2375, 17.475, 21.1125, 13.125, 8.7375, 8.3625, 12.6125, 19.1, 13.375, 8.625, 9.375, 18.975, 12.6125], "ram": [2116.26171875, 2190.74609375, 2205.359375, 2215.08203125, 2227.94140625, 2242.2734375, 2244.69921875, 2247.4453125, 2247.50390625, 2248.02734375, 2249.30859375, 2256.3984375, 2264.953125, 2268.2890625, 2268.52734375, 2268.53125, 2270.15234375, 2271.19140625, 2273.1328125, 2276.61328125, 2276.671875, 2276.703125, 2277.22265625, 2277.875, 2277.87890625, 2277.875, 2277.87890625, 2277.87890625, 2278.984375, 2279.49609375, 2279.48828125, 2279.9765625, 2280.2578125, 2280.78515625, 2280.78515625, 2280.7890625, 2280.7890625, 2281.29296875, 2281.8828125, 2281.8828125, 2281.8828125, 2281.8828125, 2281.8984375, 2282.41015625, 2282.47265625, 2282.47265625, 2282.47265625, 2282.4765625, 2282.47265625, 2282.4765625, 2282.49609375, 2282.5078125, 2282.5078125, 2282.52734375, 2282.51953125, 2283.140625, 2284.703125, 2284.92578125, 2284.92578125, 2284.953125, 2284.953125, 2285.203125, 2285.33984375, 2285.33984375, 2285.33984375, 2285.33984375, 2285.33984375, 2285.09375, 2285.09375, 2285.09375, 2285.09375, 2285.09375, 2285.09375, 2285.09375, 2285.09375, 2285.09765625, 2285.09765625, 2285.09765625, 2285.09765625, 2285.09765625, 2285.09765625, 2285.6015625, 2285.60546875, 2285.60546875, 2285.60546875, 2285.60546875, 2285.609375, 2285.609375, 2285.609375, 2285.609375, 2285.36328125, 2285.36328125, 2285.36328125, 2285.36328125, 2285.36328125, 2285.37109375, 2285.3828125, 2285.38671875, 2285.38671875, 2285.38671875, 2285.421875, 2299.47265625], "gpu": [79.0, 99.0, 62.0, 87.0, 85.0, 0.0, 0.0, 43.0, 0.0, 28.000000000000004, 90.0, 57.99999999999999, 34.0, 92.0, 65.0, 0.0, 27.0, 83.0, 85.0, 19.0, 78.0, 86.0, 19.0, 16.0, 62.0, 82.0, 0.0, 34.0, 76.0, 83.0, 0.0, 0.0, 88.0, 19.0, 23.0, 84.0, 94.0, 28.000000000000004, 67.0, 91.0, 87.0, 0.0, 27.0, 83.0, 83.0, 0.0, 0.0, 89.0, 82.0, 44.0, 0.0, 41.0, 93.0, 82.0, 0.0, 0.0, 87.0, 86.0, 0.0, 0.0, 84.0, 86.0, 0.0, 34.0, 60.0, 88.0, 92.0, 0.0, 11.0, 93.0, 83.0, 35.0, 22.0, 0.0, 87.0, 92.0, 0.0, 27.0, 83.0, 83.0, 68.0, 0.0, 27.0, 32.0, 91.0, 70.0, 0.0, 33.0, 6.0, 89.0, 82.0, 0.0, 19.0, 26.0, 89.0, 87.0, 42.0, 33.0, 16.0, 85.0, 0.0, 0.0], "gpu_mem": [4024.0, 4034.0, 4034.0, 4034.0, 4034.0, 4034.0, 4034.0, 4034.0, 4034.0, 4034.0, 4034.0, 4034.0, 4034.0, 4034.0, 4034.0, 4034.0, 4034.0, 4034.0, 4034.0, 4034.0, 4034.0, 4034.0, 4034.0, 4034.0, 4034.0, 4034.0, 4034.0, 4034.0, 4034.0, 4034.0, 4034.0, 4034.0, 4034.0, 4034.0, 4034.0, 4034.0, 4034.0, 4034.0, 4034.0, 4034.0, 4034.0, 4034.0, 4034.0, 4034.0, 4034.0, 4034.0, 4034.0, 4034.0, 4034.0, 4034.0, 4034.0, 4034.0, 4034.0, 4034.0, 4034.0, 4034.0, 4034.0, 4034.0, 4034.0, 4034.0, 4034.0, 4034.0, 4034.0, 4034.0, 4034.0, 4034.0, 4034.0, 4034.0, 4034.0, 4034.0, 4034.0, 4034.0, 4034.0, 4034.0, 4034.0, 4034.0, 4034.0, 4034.0, 4034.0, 4034.0, 4034.0, 4034.0, 4034.0, 4034.0, 4034.0, 4034.0, 4034.0, 4034.0, 4034.0, 4034.0, 4034.0, 4034.0, 4034.0, 4034.0, 4034.0, 4034.0, 4034.0, 4034.0, 4034.0, 4034.0, 4034.0, 4034.0]}