{
    "auc": 0.9008522727272726,
    "auc_0.1": 0.8295454545454546,
    "fpr": [
        0.0,
        0.0,
        0.0,
        0.022727272727272728,
        0.022727272727272728,
        0.028409090909090908,
        0.028409090909090908,
        0.03409090909090909,
        0.03409090909090909,
        0.19886363636363635,
        0.19886363636363635,
        0.20454545454545456,
        0.20454545454545456,
        0.5170454545454546,
        0.5170454545454546,
        0.7159090909090909,
        0.7159090909090909,
        1.0
    ],
    "tpr": [
        0.0,
        0.05,
        0.5,
        0.5,
        0.55,
        0.55,
        0.65,
        0.65,
        0.75,
        0.75,
        0.85,
        0.85,
        0.9,
        0.9,
        0.95,
        0.95,
        1.0,
        1.0
    ],
    "precision": [
        0.136986301369863,
        0.1310344827586207,
        0.13194444444444445,
        0.13286713286713286,
        0.13380281690140844,
        0.1347517730496454,
        0.1357142857142857,
        0.1366906474820144,
        0.13768115942028986,
        0.1386861313868613,
        0.13970588235294118,
        0.14074074074074075,
        0.1417910447761194,
        0.14285714285714285,
        0.14393939393939395,
        0.1450381679389313,
        0.14615384615384616,
        0.14728682170542637,
        0.1484375,
        0.14960629921259844,
        0.15079365079365079,
        0.152,
        0.1532258064516129,
        0.15447154471544716,
        0.1557377049180328,
        0.15702479338842976,
        0.15833333333333333,
        0.15966386554621848,
        0.16101694915254236,
        0.1623931623931624,
        0.16379310344827586,
        0.16521739130434782,
        0.16666666666666666,
        0.168141592920354,
        0.16964285714285715,
        0.17117117117117117,
        0.17272727272727273,
        0.1651376146788991,
        0.16666666666666666,
        0.16822429906542055,
        0.16981132075471697,
        0.17142857142857143,
        0.17307692307692307,
        0.17475728155339806,
        0.17647058823529413,
        0.1782178217821782,
        0.18,
        0.18181818181818182,
        0.1836734693877551,
        0.18556701030927836,
        0.1875,
        0.18947368421052632,
        0.19148936170212766,
        0.1935483870967742,
        0.1956521739130435,
        0.1978021978021978,
        0.2,
        0.20224719101123595,
        0.20454545454545456,
        0.20689655172413793,
        0.20930232558139536,
        0.21176470588235294,
        0.21428571428571427,
        0.21686746987951808,
        0.21951219512195122,
        0.2222222222222222,
        0.225,
        0.22784810126582278,
        0.23076923076923078,
        0.23376623376623376,
        0.23684210526315788,
        0.24,
        0.24324324324324326,
        0.2465753424657534,
        0.25,
        0.2535211267605634,
        0.2571428571428571,
        0.2608695652173913,
        0.2647058823529412,
        0.26865671641791045,
        0.2727272727272727,
        0.27692307692307694,
        0.28125,
        0.2857142857142857,
        0.2903225806451613,
        0.29508196721311475,
        0.3,
        0.3050847457627119,
        0.3103448275862069,
        0.3157894736842105,
        0.32142857142857145,
        0.32727272727272727,
        0.3333333333333333,
        0.32075471698113206,
        0.3269230769230769,
        0.3137254901960784,
        0.3,
        0.30612244897959184,
        0.3125,
        0.3191489361702128,
        0.32608695652173914,
        0.3333333333333333,
        0.3409090909090909,
        0.3488372093023256,
        0.35714285714285715,
        0.36585365853658536,
        0.375,
        0.38461538461538464,
        0.39473684210526316,
        0.40540540540540543,
        0.4166666666666667,
        0.42857142857142855,
        0.4411764705882353,
        0.45454545454545453,
        0.46875,
        0.4838709677419355,
        0.5,
        0.5172413793103449,
        0.5357142857142857,
        0.5555555555555556,
        0.5769230769230769,
        0.6,
        0.625,
        0.6521739130434783,
        0.6818181818181818,
        0.7142857142857143,
        0.7,
        0.6842105263157895,
        0.7222222222222222,
        0.7058823529411765,
        0.6875,
        0.7333333333333333,
        0.7142857142857143,
        0.7692307692307693,
        0.8333333333333334,
        0.9090909090909091,
        1.0,
        1.0,
        1.0,
        1.0,
        1.0,
        1.0,
        1.0,
        1.0,
        1.0,
        1.0,
        1.0
    ],
    "recall": [
        1.0,
        0.95,
        0.95,
        0.95,
        0.95,
        0.95,
        0.95,
        0.95,
        0.95,
        0.95,
        0.95,
        0.95,
        0.95,
        0.95,
        0.95,
        0.95,
        0.95,
        0.95,
        0.95,
        0.95,
        0.95,
        0.95,
        0.95,
        0.95,
        0.95,
        0.95,
        0.95,
        0.95,
        0.95,
        0.95,
        0.95,
        0.95,
        0.95,
        0.95,
        0.95,
        0.95,
        0.95,
        0.9,
        0.9,
        0.9,
        0.9,
        0.9,
        0.9,
        0.9,
        0.9,
        0.9,
        0.9,
        0.9,
        0.9,
        0.9,
        0.9,
        0.9,
        0.9,
        0.9,
        0.9,
        0.9,
        0.9,
        0.9,
        0.9,
        0.9,
        0.9,
        0.9,
        0.9,
        0.9,
        0.9,
        0.9,
        0.9,
        0.9,
        0.9,
        0.9,
        0.9,
        0.9,
        0.9,
        0.9,
        0.9,
        0.9,
        0.9,
        0.9,
        0.9,
        0.9,
        0.9,
        0.9,
        0.9,
        0.9,
        0.9,
        0.9,
        0.9,
        0.9,
        0.9,
        0.9,
        0.9,
        0.9,
        0.9,
        0.85,
        0.85,
        0.8,
        0.75,
        0.75,
        0.75,
        0.75,
        0.75,
        0.75,
        0.75,
        0.75,
        0.75,
        0.75,
        0.75,
        0.75,
        0.75,
        0.75,
        0.75,
        0.75,
        0.75,
        0.75,
        0.75,
        0.75,
        0.75,
        0.75,
        0.75,
        0.75,
        0.75,
        0.75,
        0.75,
        0.75,
        0.75,
        0.75,
        0.7,
        0.65,
        0.65,
        0.6,
        0.55,
        0.55,
        0.5,
        0.5,
        0.5,
        0.5,
        0.5,
        0.45,
        0.4,
        0.35,
        0.3,
        0.25,
        0.2,
        0.15,
        0.1,
        0.05,
        0.0
    ],
    "threshold": 0.0013108103556707057
}