{
    "auc": 0.9691051136363638,
    "auc_0.1": 0.847488038277512,
    "fpr": [
        0.0,
        0.0,
        0.0,
        0.005681818181818182,
        0.005681818181818182,
        0.011363636363636364,
        0.011363636363636364,
        0.017045454545454544,
        0.017045454545454544,
        0.022727272727272728,
        0.022727272727272728,
        0.028409090909090908,
        0.028409090909090908,
        0.03409090909090909,
        0.03409090909090909,
        0.03977272727272727,
        0.03977272727272727,
        0.07386363636363637,
        0.07386363636363637,
        0.08522727272727272,
        0.08522727272727272,
        0.13068181818181818,
        0.13068181818181818,
        1.0
    ],
    "tpr": [
        0.0,
        0.0625,
        0.125,
        0.125,
        0.3125,
        0.3125,
        0.4375,
        0.4375,
        0.5,
        0.5,
        0.625,
        0.625,
        0.6875,
        0.6875,
        0.75,
        0.75,
        0.8125,
        0.8125,
        0.875,
        0.875,
        0.9375,
        0.9375,
        1.0,
        1.0
    ],
    "precision": [
        0.41025641025641024,
        0.39473684210526316,
        0.40540540540540543,
        0.4166666666666667,
        0.42857142857142855,
        0.4411764705882353,
        0.45454545454545453,
        0.46875,
        0.4838709677419355,
        0.5,
        0.4827586206896552,
        0.5,
        0.5185185185185185,
        0.5,
        0.52,
        0.5416666666666666,
        0.5652173913043478,
        0.5909090909090909,
        0.6190476190476191,
        0.65,
        0.631578947368421,
        0.6666666666666666,
        0.6470588235294118,
        0.6875,
        0.6666666666666666,
        0.7142857142857143,
        0.6923076923076923,
        0.6666666666666666,
        0.7272727272727273,
        0.7,
        0.7777777777777778,
        0.75,
        0.7142857142857143,
        0.8333333333333334,
        0.8,
        0.75,
        0.6666666666666666,
        1.0,
        1.0,
        1.0
    ],
    "recall": [
        1.0,
        0.9375,
        0.9375,
        0.9375,
        0.9375,
        0.9375,
        0.9375,
        0.9375,
        0.9375,
        0.9375,
        0.875,
        0.875,
        0.875,
        0.8125,
        0.8125,
        0.8125,
        0.8125,
        0.8125,
        0.8125,
        0.8125,
        0.75,
        0.75,
        0.6875,
        0.6875,
        0.625,
        0.625,
        0.5625,
        0.5,
        0.5,
        0.4375,
        0.4375,
        0.375,
        0.3125,
        0.3125,
        0.25,
        0.1875,
        0.125,
        0.125,
        0.0625,
        0.0
    ]
}