{"time": [0.00022840499877929688, 1.7137095928192139, 3.0589945316314697, 4.390423536300659, 5.7028279304504395, 7.054819107055664], "cpu": [15.7375, 12.6125, 10.1125, 21.225, 15.9875, 17.975], "ram": [1689.41796875, 2224.92578125, 2230.19140625, 2247.625, 2256.62109375, 2263.8984375], "gpu": [4.0, 99.0, 80.0, 7.000000000000001, 92.0, 0.0], "gpu_mem": [3369.0, 3522.0, 3522.0, 3522.0, 3522.0, 3522.0]}