{
    "precision": [
        0.2,
        0.20212765957446807,
        0.20430107526881722,
        0.20652173913043478,
        0.1978021978021978,
        0.2,
        0.19101123595505617,
        0.19318181818181818,
        0.19540229885057472,
        0.19767441860465115,
        0.2,
        0.20238095238095238,
        0.20481927710843373,
        0.2073170731707317,
        0.20987654320987653,
        0.2125,
        0.21518987341772153,
        0.20512820512820512,
        0.2077922077922078,
        0.19736842105263158,
        0.2,
        0.20270270270270271,
        0.2054794520547945,
        0.20833333333333334,
        0.2112676056338028,
        0.21428571428571427,
        0.21739130434782608,
        0.22058823529411764,
        0.22388059701492538,
        0.22727272727272727,
        0.23076923076923078,
        0.234375,
        0.2222222222222222,
        0.22580645161290322,
        0.22950819672131148,
        0.21666666666666667,
        0.22033898305084745,
        0.22413793103448276,
        0.22807017543859648,
        0.23214285714285715,
        0.23636363636363636,
        0.24074074074074073,
        0.24528301886792453,
        0.25,
        0.2549019607843137,
        0.26,
        0.2653061224489796,
        0.2708333333333333,
        0.2765957446808511,
        0.2826086956521739,
        0.28888888888888886,
        0.29545454545454547,
        0.3023255813953488,
        0.2857142857142857,
        0.2926829268292683,
        0.3,
        0.3076923076923077,
        0.3157894736842105,
        0.32432432432432434,
        0.3333333333333333,
        0.34285714285714286,
        0.3235294117647059,
        0.3333333333333333,
        0.34375,
        0.3548387096774194,
        0.36666666666666664,
        0.3793103448275862,
        0.39285714285714285,
        0.4074074074074074,
        0.4230769230769231,
        0.44,
        0.4166666666666667,
        0.43478260869565216,
        0.45454545454545453,
        0.47619047619047616,
        0.5,
        0.5263157894736842,
        0.5555555555555556,
        0.5882352941176471,
        0.625,
        0.6666666666666666,
        0.7142857142857143,
        0.7692307692307693,
        0.75,
        0.8181818181818182,
        0.9,
        1.0,
        1.0,
        1.0,
        1.0,
        1.0,
        1.0,
        1.0,
        1.0,
        1.0,
        1.0
    ],
    "recall": [
        1.0,
        1.0,
        1.0,
        1.0,
        0.9473684210526315,
        0.9473684210526315,
        0.8947368421052632,
        0.8947368421052632,
        0.8947368421052632,
        0.8947368421052632,
        0.8947368421052632,
        0.8947368421052632,
        0.8947368421052632,
        0.8947368421052632,
        0.8947368421052632,
        0.8947368421052632,
        0.8947368421052632,
        0.8421052631578947,
        0.8421052631578947,
        0.7894736842105263,
        0.7894736842105263,
        0.7894736842105263,
        0.7894736842105263,
        0.7894736842105263,
        0.7894736842105263,
        0.7894736842105263,
        0.7894736842105263,
        0.7894736842105263,
        0.7894736842105263,
        0.7894736842105263,
        0.7894736842105263,
        0.7894736842105263,
        0.7368421052631579,
        0.7368421052631579,
        0.7368421052631579,
        0.6842105263157895,
        0.6842105263157895,
        0.6842105263157895,
        0.6842105263157895,
        0.6842105263157895,
        0.6842105263157895,
        0.6842105263157895,
        0.6842105263157895,
        0.6842105263157895,
        0.6842105263157895,
        0.6842105263157895,
        0.6842105263157895,
        0.6842105263157895,
        0.6842105263157895,
        0.6842105263157895,
        0.6842105263157895,
        0.6842105263157895,
        0.6842105263157895,
        0.631578947368421,
        0.631578947368421,
        0.631578947368421,
        0.631578947368421,
        0.631578947368421,
        0.631578947368421,
        0.631578947368421,
        0.631578947368421,
        0.5789473684210527,
        0.5789473684210527,
        0.5789473684210527,
        0.5789473684210527,
        0.5789473684210527,
        0.5789473684210527,
        0.5789473684210527,
        0.5789473684210527,
        0.5789473684210527,
        0.5789473684210527,
        0.5263157894736842,
        0.5263157894736842,
        0.5263157894736842,
        0.5263157894736842,
        0.5263157894736842,
        0.5263157894736842,
        0.5263157894736842,
        0.5263157894736842,
        0.5263157894736842,
        0.5263157894736842,
        0.5263157894736842,
        0.5263157894736842,
        0.47368421052631576,
        0.47368421052631576,
        0.47368421052631576,
        0.47368421052631576,
        0.42105263157894735,
        0.3684210526315789,
        0.3157894736842105,
        0.2631578947368421,
        0.21052631578947367,
        0.15789473684210525,
        0.10526315789473684,
        0.05263157894736842,
        0.0
    ],
    "threshold": 0.002630938310176134,
    "max": 51.67738342285156,
    "min": -23.14520263671875
}