{
    "auc": 0.5723684210526316,
    "auc_0.1": 0.5459042342698852,
    "fpr": [
        0.0,
        0.007142857142857143,
        0.007142857142857143,
        0.014285714285714285,
        0.014285714285714285,
        0.02857142857142857,
        0.02857142857142857,
        0.07142857142857142,
        0.07142857142857142,
        0.10714285714285714,
        0.10714285714285714,
        0.14285714285714285,
        0.14285714285714285,
        0.15714285714285714,
        0.15714285714285714,
        0.17142857142857143,
        0.17142857142857143,
        0.17857142857142858,
        0.17857142857142858,
        0.20714285714285716,
        0.20714285714285716,
        0.34285714285714286,
        0.34285714285714286,
        0.36428571428571427,
        0.36428571428571427,
        0.4,
        0.4,
        0.4142857142857143,
        0.4142857142857143,
        0.42857142857142855,
        0.42857142857142855,
        0.4357142857142857,
        0.4357142857142857,
        0.4642857142857143,
        0.4642857142857143,
        0.4714285714285714,
        0.4714285714285714,
        0.5857142857142857,
        0.5857142857142857,
        0.65,
        0.65,
        0.6928571428571428,
        0.6928571428571428,
        0.7285714285714285,
        0.7285714285714285,
        0.7571428571428571,
        0.7571428571428571,
        0.7642857142857142,
        0.7642857142857142,
        0.7785714285714286,
        0.7785714285714286,
        0.8428571428571429,
        0.8428571428571429,
        0.8571428571428571,
        0.8571428571428571,
        0.8928571428571429,
        0.8928571428571429,
        0.9785714285714285,
        0.9785714285714285,
        1.0,
        1.0
    ],
    "tpr": [
        0.0,
        0.0,
        0.02631578947368421,
        0.02631578947368421,
        0.10526315789473684,
        0.10526315789473684,
        0.15789473684210525,
        0.15789473684210525,
        0.18421052631578946,
        0.18421052631578946,
        0.21052631578947367,
        0.21052631578947367,
        0.23684210526315788,
        0.23684210526315788,
        0.2631578947368421,
        0.2631578947368421,
        0.3157894736842105,
        0.3157894736842105,
        0.3684210526315789,
        0.3684210526315789,
        0.39473684210526316,
        0.39473684210526316,
        0.42105263157894735,
        0.42105263157894735,
        0.4473684210526316,
        0.4473684210526316,
        0.47368421052631576,
        0.47368421052631576,
        0.5,
        0.5,
        0.5263157894736842,
        0.5263157894736842,
        0.5526315789473685,
        0.5526315789473685,
        0.6052631578947368,
        0.6052631578947368,
        0.631578947368421,
        0.631578947368421,
        0.6842105263157895,
        0.6842105263157895,
        0.7105263157894737,
        0.7105263157894737,
        0.7368421052631579,
        0.7368421052631579,
        0.7631578947368421,
        0.7631578947368421,
        0.7894736842105263,
        0.7894736842105263,
        0.8157894736842105,
        0.8157894736842105,
        0.8421052631578947,
        0.8421052631578947,
        0.868421052631579,
        0.868421052631579,
        0.9210526315789473,
        0.9210526315789473,
        0.9473684210526315,
        0.9473684210526315,
        0.9736842105263158,
        0.9736842105263158,
        1.0
    ],
    "precision": [
        0.21348314606741572,
        0.20903954802259886,
        0.21022727272727273,
        0.21142857142857144,
        0.21264367816091953,
        0.20809248554913296,
        0.20930232558139536,
        0.21052631578947367,
        0.21176470588235294,
        0.21301775147928995,
        0.21428571428571427,
        0.2155688622754491,
        0.21686746987951808,
        0.21818181818181817,
        0.21951219512195122,
        0.22085889570552147,
        0.2222222222222222,
        0.2236024844720497,
        0.21875,
        0.22012578616352202,
        0.22151898734177214,
        0.2229299363057325,
        0.22435897435897437,
        0.22580645161290322,
        0.22077922077922077,
        0.21568627450980393,
        0.21710526315789475,
        0.2185430463576159,
        0.21333333333333335,
        0.21476510067114093,
        0.21621621621621623,
        0.21768707482993196,
        0.2191780821917808,
        0.2206896551724138,
        0.2222222222222222,
        0.22377622377622378,
        0.22535211267605634,
        0.22695035460992907,
        0.22142857142857142,
        0.22302158273381295,
        0.2246376811594203,
        0.21897810218978103,
        0.22058823529411764,
        0.21481481481481482,
        0.21641791044776118,
        0.21804511278195488,
        0.2196969696969697,
        0.22137404580152673,
        0.2153846153846154,
        0.21705426356589147,
        0.21875,
        0.2204724409448819,
        0.2222222222222222,
        0.224,
        0.21774193548387097,
        0.21951219512195122,
        0.22131147540983606,
        0.2231404958677686,
        0.225,
        0.226890756302521,
        0.2288135593220339,
        0.2222222222222222,
        0.22413793103448276,
        0.22608695652173913,
        0.22807017543859648,
        0.23008849557522124,
        0.23214285714285715,
        0.23423423423423423,
        0.23636363636363636,
        0.23853211009174313,
        0.24074074074074073,
        0.2336448598130841,
        0.22641509433962265,
        0.22857142857142856,
        0.23076923076923078,
        0.23300970873786409,
        0.23529411764705882,
        0.2376237623762376,
        0.24,
        0.24242424242424243,
        0.24489795918367346,
        0.24742268041237114,
        0.25,
        0.25263157894736843,
        0.2553191489361702,
        0.25806451612903225,
        0.2608695652173913,
        0.26373626373626374,
        0.26666666666666666,
        0.25842696629213485,
        0.26136363636363635,
        0.25287356321839083,
        0.2441860465116279,
        0.24705882352941178,
        0.25,
        0.25301204819277107,
        0.25609756097560976,
        0.24691358024691357,
        0.25,
        0.24050632911392406,
        0.24358974358974358,
        0.24675324675324675,
        0.23684210526315788,
        0.24,
        0.24324324324324326,
        0.2328767123287671,
        0.2361111111111111,
        0.23943661971830985,
        0.24285714285714285,
        0.2463768115942029,
        0.25,
        0.23880597014925373,
        0.24242424242424243,
        0.24615384615384617,
        0.25,
        0.23809523809523808,
        0.24193548387096775,
        0.2459016393442623,
        0.25,
        0.2542372881355932,
        0.25862068965517243,
        0.2631578947368421,
        0.26785714285714285,
        0.2727272727272727,
        0.2777777777777778,
        0.2830188679245283,
        0.28846153846153844,
        0.29411764705882354,
        0.3,
        0.30612244897959184,
        0.3125,
        0.3191489361702128,
        0.32608695652173914,
        0.3333333333333333,
        0.3409090909090909,
        0.32558139534883723,
        0.3333333333333333,
        0.34146341463414637,
        0.35,
        0.358974358974359,
        0.34210526315789475,
        0.32432432432432434,
        0.3333333333333333,
        0.3142857142857143,
        0.29411764705882354,
        0.30303030303030304,
        0.3125,
        0.2903225806451613,
        0.3,
        0.3103448275862069,
        0.2857142857142857,
        0.2962962962962963,
        0.3076923076923077,
        0.32,
        0.3333333333333333,
        0.34782608695652173,
        0.3181818181818182,
        0.3333333333333333,
        0.35,
        0.3684210526315789,
        0.3888888888888889,
        0.4117647058823529,
        0.375,
        0.4,
        0.42857142857142855,
        0.46153846153846156,
        0.5,
        0.5454545454545454,
        0.6,
        0.5555555555555556,
        0.5,
        0.5714285714285714,
