{
    "auc": 0.681203007518797,
    "auc_0.1": 0.7328848436881679,
    "fpr": [
        0.0,
        0.0,
        0.0,
        0.007142857142857143,
        0.007142857142857143,
        0.014285714285714285,
        0.014285714285714285,
        0.03571428571428571,
        0.03571428571428571,
        0.05714285714285714,
        0.05714285714285714,
        0.06428571428571428,
        0.06428571428571428,
        0.10714285714285714,
        0.10714285714285714,
        0.24285714285714285,
        0.24285714285714285,
        0.3357142857142857,
        0.3357142857142857,
        0.5071428571428571,
        0.5071428571428571,
        0.5285714285714286,
        0.5285714285714286,
        0.5642857142857143,
        0.5642857142857143,
        0.5857142857142857,
        0.5857142857142857,
        0.6,
        0.6,
        0.7357142857142858,
        0.7357142857142858,
        0.8214285714285714,
        0.8214285714285714,
        0.9428571428571428,
        0.9428571428571428,
        0.95,
        0.95,
        0.9714285714285714,
        0.9714285714285714,
        0.9928571428571429,
        0.9928571428571429,
        1.0,
        1.0
    ],
    "tpr": [
        0.0,
        0.02631578947368421,
        0.3684210526315789,
        0.3684210526315789,
        0.39473684210526316,
        0.39473684210526316,
        0.4473684210526316,
        0.4473684210526316,
        0.5,
        0.5,
        0.5263157894736842,
        0.5263157894736842,
        0.5526315789473685,
        0.5526315789473685,
        0.5789473684210527,
        0.5789473684210527,
        0.6052631578947368,
        0.6052631578947368,
        0.631578947368421,
        0.631578947368421,
        0.6578947368421053,
        0.6578947368421053,
        0.6842105263157895,
        0.6842105263157895,
        0.7105263157894737,
        0.7105263157894737,
        0.7368421052631579,
        0.7368421052631579,
        0.7631578947368421,
        0.7631578947368421,
        0.7894736842105263,
        0.7894736842105263,
        0.8157894736842105,
        0.8157894736842105,
        0.8421052631578947,
        0.8421052631578947,
        0.868421052631579,
        0.868421052631579,
        0.8947368421052632,
        0.8947368421052632,
        0.9210526315789473,
        0.9210526315789473,
        1.0
    ],
    "precision": [
        0.21348314606741572,
        0.20903954802259886,
        0.20454545454545456,
        0.2,
        0.20114942528735633,
        0.19653179190751446,
        0.19767441860465115,
        0.19883040935672514,
        0.2,
        0.1952662721893491,
        0.19642857142857142,
        0.19760479041916168,
        0.19879518072289157,
        0.19393939393939394,
        0.1951219512195122,
        0.1901840490797546,
        0.19135802469135801,
        0.19254658385093168,
        0.19375,
        0.1949685534591195,
        0.1962025316455696,
        0.19745222929936307,
        0.1987179487179487,
        0.2,
        0.2012987012987013,
        0.20261437908496732,
        0.20394736842105263,
        0.2052980132450331,
        0.20666666666666667,
        0.2080536912751678,
        0.20945945945945946,
        0.2108843537414966,
        0.21232876712328766,
        0.20689655172413793,
        0.20833333333333334,
        0.2097902097902098,
        0.2112676056338028,
        0.2127659574468085,
        0.21428571428571427,
        0.2158273381294964,
        0.21739130434782608,
        0.21897810218978103,
        0.22058823529411764,
        0.2222222222222222,
        0.22388059701492538,
        0.22556390977443608,
        0.2196969696969697,
        0.22137404580152673,
        0.2230769230769231,
        0.2248062015503876,
        0.2265625,
        0.2283464566929134,
        0.23015873015873015,
        0.232,
        0.23387096774193547,
        0.23577235772357724,
        0.23770491803278687,
        0.2396694214876033,
        0.24166666666666667,
        0.24369747899159663,
        0.2457627118644068,
        0.24786324786324787,
        0.25,
        0.25217391304347825,
        0.2543859649122807,
        0.25663716814159293,
        0.25,
        0.25225225225225223,
        0.2545454545454545,
        0.24770642201834864,
        0.25,
        0.2523364485981308,
        0.25471698113207547,
        0.24761904761904763,
        0.25,
        0.2524271844660194,
        0.2549019607843137,
        0.25742574257425743,
        0.26,
        0.25252525252525254,
        0.25510204081632654,
        0.25773195876288657,
        0.2604166666666667,
        0.25263157894736843,
        0.2553191489361702,
        0.25806451612903225,
        0.2608695652173913,
        0.26373626373626374,
        0.26666666666666666,
        0.2696629213483146,
        0.2727272727272727,
        0.27586206896551724,
        0.27906976744186046,
        0.2823529411764706,
        0.2857142857142857,
        0.2891566265060241,
        0.2926829268292683,
        0.2962962962962963,
        0.3,
        0.3037974683544304,
        0.3076923076923077,
        0.3116883116883117,
        0.3157894736842105,
        0.32,
        0.32432432432432434,
        0.3287671232876712,
        0.3333333333333333,
        0.3380281690140845,
        0.32857142857142857,
        0.3333333333333333,
        0.3382352941176471,
        0.34328358208955223,
        0.3484848484848485,
        0.35384615384615387,
        0.359375,
        0.36507936507936506,
        0.3709677419354839,
        0.3770491803278688,
        0.38333333333333336,
        0.3898305084745763,
        0.39655172413793105,
        0.40350877192982454,
        0.39285714285714285,
        0.4,
        0.4074074074074074,
        0.41509433962264153,
        0.4230769230769231,
        0.43137254901960786,
        0.44,
        0.4489795918367347,
        0.4583333333333333,
        0.46808510638297873,
        0.4782608695652174,
        0.4888888888888889,
        0.5,
        0.5116279069767442,
        0.5238095238095238,
        0.5365853658536586,
        0.55,
        0.5641025641025641,
        0.5789473684210527,
        0.5945945945945946,
        0.5833333333333334,
        0.6,
        0.6176470588235294,
        0.6363636363636364,
        0.65625,
        0.6774193548387096,
        0.7,
        0.6896551724137931,
        0.7142857142857143,
        0.7037037037037037,
        0.7307692307692307,
        0.76,
        0.7916666666666666,
        0.782608695652174,
        0.7727272727272727,
        0.8095238095238095,
        0.85,
        0.8947368421052632,
        0.8888888888888888,
        0.8823529411764706,
        0.9375,
        0.9333333333333333,
        1.0,
        1.0,
        1.0,
        1.0,
        1.0,
        1.0,
        1.0,
        1.0,
        1.0,
        1.0,
        1.0,
        1.0,
        1.0,
        1.0,
        1.0
    ],