{
    "auc": 0.6820624546114743,
    "auc_0.1": 0.6956006574169629,
    "fpr": [
        0.0,
        0.0,
        0.0,
        0.006535947712418301,
        0.006535947712418301,
        0.026143790849673203,
        0.026143790849673203,
        0.032679738562091505,
        0.032679738562091505,
        0.05228758169934641,
        0.05228758169934641,
        0.11764705882352941,
        0.11764705882352941,
        0.22875816993464052,
        0.22875816993464052,
        0.24836601307189543,
        0.24836601307189543,
        0.26143790849673204,
        0.26143790849673204,
        0.30718954248366015,
        0.30718954248366015,
        0.3202614379084967,
        0.3202614379084967,
        0.42483660130718953,
        0.42483660130718953,
        0.477124183006536,
        0.477124183006536,
        0.5228758169934641,
        0.5228758169934641,
        0.5555555555555556,
        0.5555555555555556,
        0.5751633986928104,
        0.5751633986928104,
        0.5882352941176471,
        0.5882352941176471,
        0.5947712418300654,
        0.5947712418300654,
        0.6666666666666666,
        0.6666666666666666,
        0.7254901960784313,
        0.7254901960784313,
        0.7581699346405228,
        0.7581699346405228,
        0.8169934640522876,
        0.8169934640522876,
        0.8300653594771242,
        0.8300653594771242,
        0.8431372549019608,
        0.8431372549019608,
        0.9215686274509803,
        0.9215686274509803,
        0.934640522875817,
        0.934640522875817,
        0.954248366013072,
        0.954248366013072,
        1.0
    ],
    "tpr": [
        0.0,
        0.022222222222222223,
        0.24444444444444444,
        0.24444444444444444,
        0.35555555555555557,
        0.35555555555555557,
        0.4,
        0.4,
        0.4444444444444444,
        0.4444444444444444,
        0.4666666666666667,
        0.4666666666666667,
        0.4888888888888889,
        0.4888888888888889,
        0.5111111111111111,
        0.5111111111111111,
        0.5333333333333333,
        0.5333333333333333,
        0.5555555555555556,
        0.5555555555555556,
        0.5777777777777777,
        0.5777777777777777,
        0.6,
        0.6,
        0.6222222222222222,
        0.6222222222222222,
        0.6444444444444445,
        0.6444444444444445,
        0.6666666666666666,
        0.6666666666666666,
        0.6888888888888889,
        0.6888888888888889,
        0.7111111111111111,
        0.7111111111111111,
        0.7555555555555555,
        0.7555555555555555,
        0.7777777777777778,
        0.7777777777777778,
        0.8,
        0.8,
        0.8222222222222222,
        0.8222222222222222,
        0.8444444444444444,
        0.8444444444444444,
        0.8666666666666667,
        0.8666666666666667,
        0.8888888888888888,
        0.8888888888888888,
        0.9333333333333333,
        0.9333333333333333,
        0.9555555555555556,
        0.9555555555555556,
        0.9777777777777777,
        0.9777777777777777,
        1.0,
        1.0
    ],
    "precision": [
        0.2356020942408377,
        0.23157894736842105,
        0.2328042328042328,
        0.23404255319148937,
        0.23529411764705882,
        0.23118279569892472,
        0.23243243243243245,
        0.23369565217391305,
        0.22950819672131148,
        0.23076923076923078,
        0.23204419889502761,
        0.23333333333333334,
        0.2346368715083799,
        0.23595505617977527,
        0.23728813559322035,
        0.23863636363636365,
        0.24,
        0.2413793103448276,
        0.24277456647398843,
        0.2441860465116279,
        0.24561403508771928,
        0.2411764705882353,
        0.23668639053254437,
        0.23809523809523808,
        0.23952095808383234,
        0.23493975903614459,
        0.23636363636363636,
        0.23780487804878048,
        0.2331288343558282,
        0.2345679012345679,
        0.2360248447204969,
        0.2375,
        0.2389937106918239,
        0.24050632911392406,
        0.24203821656050956,
        0.24358974358974358,
        0.24516129032258063,
        0.24675324675324675,
        0.24183006535947713,
        0.24342105263157895,
        0.24503311258278146,
        0.24666666666666667,
        0.2483221476510067,
        0.25,
        0.24489795918367346,
        0.2465753424657534,
        0.2482758620689655,
        0.25,
        0.2517482517482518,
        0.2535211267605634,
        0.2553191489361702,
        0.2571428571428571,
        0.2589928057553957,
        0.2608695652173913,
        0.25547445255474455,
        0.25735294117647056,
        0.25925925925925924,
        0.26119402985074625,
        0.2631578947368421,
        0.26515151515151514,
        0.26717557251908397,
        0.2692307692307692,
        0.2713178294573643,
        0.2734375,
        0.2755905511811024,
        0.2777777777777778,
        0.272,
        0.27419354838709675,
        0.2682926829268293,
        0.26229508196721313,
        0.2644628099173554,
        0.26666666666666666,
        0.2605042016806723,
        0.2627118644067797,
        0.26495726495726496,
        0.2672413793103448,
        0.2608695652173913,
        0.2631578947368421,
        0.26548672566371684,
        0.26785714285714285,
        0.2702702702702703,
        0.2727272727272727,
        0.26605504587155965,
        0.26851851851851855,
        0.27102803738317754,
        0.27358490566037735,
        0.2761904761904762,
        0.27884615384615385,
        0.2815533980582524,
        0.28431372549019607,
        0.27722772277227725,
        0.28,
        0.2828282828282828,
        0.2857142857142857,
        0.28865979381443296,
        0.2916666666666667,
        0.29473684210526313,
        0.2978723404255319,
        0.3010752688172043,
        0.29347826086956524,
        0.2967032967032967,
        0.3,
        0.30337078651685395,
        0.3068181818181818,
        0.3103448275862069,
        0.313953488372093,
        0.3176470588235294,
        0.32142857142857145,
        0.3253012048192771,
        0.32926829268292684,
        0.3333333333333333,
        0.3375,
        0.34177215189873417,
        0.34615384615384615,
        0.35064935064935066,
        0.35526315789473684,
        0.3466666666666667,
        0.35135135135135137,
        0.3561643835616438,
        0.3472222222222222,
        0.352112676056338,
        0.35714285714285715,
        0.36231884057971014,
        0.36764705882352944,
        0.373134328358209,
        0.3787878787878788,
        0.38461538461538464,
        0.375,
        0.38095238095238093,
        0.3870967741935484,
        0.3770491803278688,
        0.38333333333333336,
        0.3898305084745763,
        0.39655172413793105,
        0.38596491228070173,
        0.39285714285714285,
        0.4,
        0.4074074074074074,
        0.41509433962264153,
        0.4230769230769231,
        0.43137254901960786,
        0.44,
        0.4489795918367347,
        0.4583333333333333,
        0.46808510638297873,
        0.4782608695652174,
        0.4888888888888889,
        0.5,
        0.5116279069767442,
        0.5238095238095238,
        0.5365853658536586,
        0.55,
        0.5384615384615384,
        0.5526315789473685,
        0.5675675675675675,
        0.5833333333333334,
        0.6,
        0.6176470588235294,
        0.6363636363636364,
        0.65625,
        0.6774193548387096,
        0.7,
        0.7241379310344828,
        0.7142857142857143,
        0.7407407407407407,
        0.7692307692307693,
        0.8,
        0.7916666666666666,
        0.782608695652174,
        0.8181818181818182,
        0.8095238095238095,
        0.8,
        0.8421052631578947,
        0.8888888888888888,
        0.9411764705882353,
        0.9375,
        0.9333333333333333,
        0.9285714285714286,
        0.9230769230769231,
        0.9166666666666666,
        1.0,
        1.0,
        1.0,
        1.0,
        1.0,
