{
    "auc": 0.6914344685242518,
    "auc_0.1": 0.712671772310032,
    "fpr": [
        0.0,
        0.0,
        0.0,
        0.013071895424836602,
        0.013071895424836602,
        0.0457516339869281,
        0.0457516339869281,
        0.0784313725490196,
        0.0784313725490196,
        0.3006535947712418,
        0.3006535947712418,
        0.37254901960784315,
        0.37254901960784315,
        0.477124183006536,
        0.477124183006536,
        0.6274509803921569,
        0.6274509803921569,
        0.6601307189542484,
        0.6601307189542484,
        0.6862745098039216,
        0.6862745098039216,
        0.803921568627451,
        0.803921568627451,
        0.8758169934640523,
        0.8758169934640523,
        0.9215686274509803,
        0.9215686274509803,
        1.0
    ],
    "tpr": [
        0.0,
        0.05263157894736842,
        0.3684210526315789,
        0.3684210526315789,
        0.42105263157894735,
        0.42105263157894735,
        0.47368421052631576,
        0.47368421052631576,
        0.5263157894736842,
        0.5263157894736842,
        0.5789473684210527,
        0.5789473684210527,
        0.631578947368421,
        0.631578947368421,
        0.6842105263157895,
        0.6842105263157895,
        0.7368421052631579,
        0.7368421052631579,
        0.7894736842105263,
        0.7894736842105263,
        0.8421052631578947,
        0.8421052631578947,
        0.8947368421052632,
        0.8947368421052632,
        0.9473684210526315,
        0.9473684210526315,
        1.0,
        1.0
    ],
    "precision": [
        0.11875,
        0.11320754716981132,
        0.11392405063291139,
        0.11464968152866242,
        0.11538461538461539,
        0.11612903225806452,
        0.11688311688311688,
        0.11764705882352941,
        0.11842105263157894,
        0.11258278145695365,
        0.11333333333333333,
        0.11409395973154363,
        0.11486486486486487,
        0.11564625850340136,
        0.11643835616438356,
        0.11724137931034483,
        0.11805555555555555,
        0.11888111888111888,
        0.11971830985915492,
        0.12056737588652482,
        0.12142857142857143,
        0.11510791366906475,
        0.11594202898550725,
        0.11678832116788321,
        0.11764705882352941,
        0.11851851851851852,
        0.11940298507462686,
        0.12030075187969924,
        0.12121212121212122,
        0.12213740458015267,
        0.12307692307692308,
        0.12403100775193798,
        0.125,
        0.12598425196850394,
        0.12698412698412698,
        0.128,
        0.12903225806451613,
        0.13008130081300814,
        0.13114754098360656,
        0.1322314049586777,
        0.125,
        0.12605042016806722,
        0.1271186440677966,
        0.1282051282051282,
        0.12931034482758622,
        0.12173913043478261,
        0.12280701754385964,
        0.12389380530973451,
        0.125,
        0.12612612612612611,
        0.12727272727272726,
        0.11926605504587157,
        0.12037037037037036,
        0.12149532710280374,
        0.12264150943396226,
        0.12380952380952381,
        0.125,
        0.1262135922330097,
        0.12745098039215685,
        0.12871287128712872,
        0.13,
        0.13131313131313133,
        0.1326530612244898,
        0.13402061855670103,
        0.13541666666666666,
        0.1368421052631579,
        0.13829787234042554,
        0.13978494623655913,
        0.14130434782608695,
        0.14285714285714285,
        0.14444444444444443,
        0.14606741573033707,
        0.14772727272727273,
        0.14942528735632185,
        0.1511627906976744,
        0.1411764705882353,
        0.14285714285714285,
        0.14457831325301204,
        0.14634146341463414,
        0.14814814814814814,
        0.15,
        0.1518987341772152,
        0.15384615384615385,
        0.15584415584415584,
        0.15789473684210525,
        0.16,
        0.16216216216216217,
        0.1643835616438356,
        0.16666666666666666,
        0.16901408450704225,
        0.17142857142857143,
        0.17391304347826086,
        0.16176470588235295,
        0.16417910447761194,
        0.16666666666666666,
        0.16923076923076924,
        0.171875,
        0.1746031746031746,
        0.1774193548387097,
        0.18032786885245902,
        0.18333333333333332,
        0.1864406779661017,
        0.1896551724137931,
        0.19298245614035087,
        0.17857142857142858,
        0.18181818181818182,
        0.18518518518518517,
        0.18867924528301888,
        0.19230769230769232,
        0.19607843137254902,
        0.2,
        0.20408163265306123,
        0.20833333333333334,
        0.2127659574468085,
        0.21739130434782608,
        0.2222222222222222,
        0.22727272727272727,
        0.23255813953488372,
        0.23809523809523808,
        0.24390243902439024,
        0.25,
        0.2564102564102564,
        0.2631578947368421,
        0.2702702702702703,
        0.2777777777777778,
        0.2857142857142857,
        0.29411764705882354,
        0.30303030303030304,
        0.3125,
        0.3225806451612903,
        0.3333333333333333,
        0.3448275862068966,
        0.35714285714285715,
        0.37037037037037035,
        0.38461538461538464,
        0.4,
        0.4166666666666667,
        0.43478260869565216,
        0.45454545454545453,
        0.42857142857142855,
        0.45,
        0.47368421052631576,
        0.5,
        0.5294117647058824,
        0.5625,
        0.5333333333333333,
        0.5714285714285714,
        0.6153846153846154,
        0.6666666666666666,
        0.7272727272727273,
        0.8,
        0.7777777777777778,
        0.875,
        1.0,
        1.0,
        1.0,
        1.0,
        1.0,
        1.0,
        1.0,
        1.0
    ],