{"time": [0.00020051002502441406, 1.8083250522613525, 3.205209970474243, 4.599900484085083, 5.933591604232788, 7.295957326889038, 8.64037799835205, 10.051437139511108, 11.45455026626587, 12.857858896255493, 14.258805990219116, 15.633546829223633, 17.008713006973267, 18.370449542999268, 19.746450424194336, 21.116137504577637, 22.577340602874756, 23.98254370689392, 25.394848585128784, 26.79286766052246, 28.16756319999695, 29.55504012107849, 30.97748351097107, 32.42400026321411, 33.875503063201904, 35.31658625602722, 36.78129863739014, 38.17845129966736, 39.6018226146698, 41.05530881881714, 42.56856441497803, 44.012577056884766, 45.47309947013855, 46.90746808052063, 48.33470344543457, 49.78965449333191, 51.227298974990845, 52.620588064193726, 54.08397388458252, 55.609148263931274, 57.035218715667725, 58.47449040412903, 59.945462465286255, 61.460925340652466, 62.93236947059631, 64.37444853782654, 65.80836200714111, 67.27835941314697, 68.7630226612091, 70.24820637702942, 71.70206761360168, 73.23165154457092, 74.67800641059875, 76.17457938194275, 77.63768649101257, 79.09715723991394, 80.56755948066711, 82.06862688064575, 83.52054142951965, 85.00686550140381, 86.47134852409363, 87.95406079292297, 89.4778242111206, 90.98953580856323, 92.51875734329224, 93.99015641212463, 95.47404861450195, 96.96644020080566, 98.474773645401, 99.97089910507202, 101.51455497741699, 103.03624844551086, 104.52576756477356, 106.007155418396, 107.49452877044678, 109.02953958511353, 110.63475346565247, 112.1571295261383, 113.68500781059265, 115.26889061927795, 116.83438324928284, 118.37630224227905, 119.92489743232727, 121.48107028007507, 122.99186086654663, 124.53921151161194, 126.05105900764465, 127.67621397972107, 129.19851350784302, 130.74748706817627, 132.29480051994324, 133.82879662513733, 135.39267659187317, 136.9742181301117, 138.542010307312, 140.1429364681244, 141.72105741500854, 143.27644157409668, 144.83884930610657, 146.45106720924377, 147.98681497573853, 149.55669164657593, 151.13739728927612, 152.7428743839264, 154.33687949180603, 155.9261417388916, 157.57048892974854, 159.1577582359314, 160.82611274719238, 162.5084352493286, 164.0727996826172, 165.71966981887817, 167.32748174667358, 168.9191608428955, 170.69677782058716, 172.30649876594543, 173.9754602909088, 175.56410002708435, 177.18420720100403, 178.8073537349701, 180.4250853061676, 182.05499243736267], "cpu": [14.4875, 12.1125, 8.1125, 14.1125, 9.3625, 19.975, 6.6125, 19.475, 10.25, 15.2375, 14.6125, 7.9875, 22.475, 6.4875, 19.6, 9.8625, 12.6125, 18.35, 6.125, 19.3625, 9.8625, 13.25, 16.975, 6.2375, 20.1, 9.75, 13.8625, 15.7375, 6.2375, 20.6, 10.6125, 13.8625, 16.0, 6.1125, 19.475, 9.7375, 12.9875, 16.9875, 5.7375, 19.85, 10.3625, 13.1125, 17.475, 6.5, 17.6125, 13.3625, 7.9875, 19.975, 6.6125, 15.9875, 14.6125, 6.3625, 19.85, 10.1125, 12.7375, 17.225, 6.4875, 19.3625, 10.7375, 9.9875, 22.35, 8.3625, 15.6, 16.975, 5.8625, 19.85, 10.3625, 12.7375, 19.975, 7.1125, 15.4875, 17.1125, 6.2375, 19.35, 12.7375, 8.2375, 19.35, 11.8625, 7.75, 20.1125, 10.4875, 8.6125, 20.125, 10.375, 10.9875, 22.6, 9.6125, 13.3625, 19.725, 7.1125, 14.3625, 19.6125, 6.75, 14.6125, 18.225, 6.6125, 15.375, 18.7375, 6.8625, 14.1125, 19.6, 7.25, 16.6, 16.35, 6.375, 15.8625, 19.725, 7.8625, 12.5, 21.8625, 9.75, 10.2375, 21.875, 10.6125, 6.5, 18.85, 16.475, 6.1125, 18.3625, 16.6, 6.375, 18.6], "ram": [1894.2148437500002, 2262.33984375, 2268.0546875, 2289.0078125, 2295.78125, 2307.6640625, 2308.3203125, 2309.703125, 2311.28125, 2322.80859375, 2331.234375, 2337.96484375, 2351.40625, 2353.4296875, 2363.1484375, 2363.05078125, 2363.16796875, 2363.1171875, 2363.23046875, 2364.21875, 2364.21484375, 2365.609375, 2366.26171875, 2367.98046875, 2368.0703125, 2367.97265625, 2368.09375, 2368.01953125, 2368.8046875, 2368.80859375, 2368.7109375, 2369.02734375, 2368.984375, 2369.609375, 2369.62890625, 2369.53125, 2369.640625, 2369.54296875, 2370.16796875, 2371.84765625, 2372.4375, 2372.94921875, 2372.859375, 2372.97265625, 2372.97265625, 2372.8671875, 2372.984375, 2372.890625, 2372.9140625, 2373.015625, 2372.9140625, 2373.02734375, 2373.02734375, 2374.03125, 2374.03125, 2373.9375, 2374.04296875, 2374.05078125, 2373.9453125, 2374.05078125, 2373.953125, 2373.9609375, 2374.0859375, 2374.23046875, 2375.05859375, 2375.03515625, 2375.0390625, 2375.03515625, 2374.9375, 2374.95703125, 2375.05859375, 2374.96875, 2375.08203125, 2375.08203125, 2374.9765625, 2375.08984375, 2375.09375, 2374.99609375, 2375.1015625, 2375.14453125, 2375.0546875, 2375.1484375, 2375.15625, 2375.16015625, 2375.171875, 2375.09375, 2375.22265625, 2375.88671875, 2375.78515625, 2375.79296875, 2376.4140625, 2376.296875, 2376.30078125, 2376.41015625, 2376.55859375, 2376.76953125, 2376.875, 2376.76953125, 2376.78125, 2377.3984375, 2377.30078125, 2377.30859375, 2377.41796875, 2377.3203125, 2377.4296875, 2377.94921875, 2377.84375, 2377.84765625, 2377.94921875, 2377.84765625, 2377.95703125, 2377.9609375, 2377.9609375, 2377.859375, 2377.96875, 2377.96875, 2377.8671875, 2377.97265625, 2377.9765625, 2377.87109375, 2377.98046875, 2381.77734375], "gpu": [3.0, 85.0, 55.00000000000001, 61.0, 83.0, 0.0, 81.0, 74.0, 10.0, 83.0, 24.0, 82.0, 0.0, 95.0, 61.0, 53.0, 79.0, 0.0, 94.0, 78.0, 45.0, 90.0, 0.0, 78.0, 14.000000000000002, 24.0, 79.0, 24.0, 91.0, 28.999999999999996, 31.0, 80.0, 4.0, 78.0, 89.0, 5.0, 91.0, 24.0, 86.0, 53.0, 51.0, 78.0, 12.0, 85.0, 79.0, 23.0, 94.0, 0.0, 65.0, 81.0, 24.0, 82.0, 79.0, 0.0, 94.0, 0.0, 84.0, 78.0, 46.0, 79.0, 0.0, 22.0, 84.0, 24.0, 87.0, 47.0, 40.0, 79.0, 0.0, 67.0, 80.0, 17.0, 86.0, 87.0, 24.0, 79.0, 82.0, 28.999999999999996, 81.0, 62.0, 57.99999999999999, 92.0, 0.0, 51.0, 79.0, 0.0, 0.0, 81.0, 0.0, 59.0, 80.0, 0.0, 52.0, 82.0, 0.0, 50.0, 79.0, 0.0, 31.0, 89.0, 0.0, 52.0, 74.0, 24.0, 73.0, 79.0, 0.0, 64.0, 89.0, 0.0, 24.0, 86.0, 0.0, 57.99999999999999, 79.0, 88.0, 24.0, 85.0, 84.0, 24.0, 72.0, 0.0], "gpu_mem": [3422.0, 3522.0, 3522.0, 3522.0, 3522.0, 3522.0, 3522.0, 3522.0, 3522.0, 3522.0, 3522.0, 3522.0, 3522.0, 3522.0, 3522.0, 3522.0, 3522.0, 3522.0, 3522.0, 3522.0, 3522.0, 3522.0, 3522.0, 3522.0, 3522.0, 3522.0, 3522.0, 3522.0, 3522.0, 3522.0, 3522.0, 3522.0, 3522.0, 3522.0, 3522.0, 3522.0, 3522.0, 3522.0, 3522.0, 3522.0, 3522.0, 3522.0, 3522.0, 3522.0, 3522.0, 3522.0, 3522.0, 3522.0, 3522.0, 3522.0, 3522.0, 3522.0, 3522.0, 3522.0, 3522.0, 3522.0, 3522.0, 3522.0, 3522.0, 3522.0, 3522.0, 3522.0, 3522.0, 3522.0, 3522.0, 3522.0, 3522.0, 3522.0, 3522.0, 3522.0, 3522.0, 3522.0, 3522.0, 3522.0, 3522.0, 3522.0, 3522.0, 3522.0, 3522.0, 3522.0, 3522.0, 3522.0, 3522.0, 3522.0, 3522.0, 3522.0, 3522.0, 3522.0, 3522.0, 3522.0, 3522.0, 3522.0, 3522.0, 3522.0, 3522.0, 3522.0, 3522.0, 3522.0, 3522.0, 3522.0, 3522.0, 3522.0, 3522.0, 3522.0, 3522.0, 3522.0, 3522.0, 3522.0, 3522.0, 3522.0, 3522.0, 3522.0, 3522.0, 3522.0, 3522.0, 3522.0, 3522.0, 3522.0, 3522.0, 3522.0, 3522.0, 3522.0]}