{"time": [0.0002799034118652344, 2.102821111679077, 3.4288790225982666, 4.759983539581299, 6.204320430755615, 7.538180589675903, 8.885257959365845, 10.241732597351074, 11.589082717895508, 12.965798139572144, 14.356176376342773, 15.70724606513977, 17.048453330993652, 18.410834789276123, 19.792596101760864], "cpu": [12.1125, 12.0, 12.2375, 12.1125, 12.1125, 12.4875, 12.2375, 12.2375, 12.2375, 12.2375, 12.2375, 12.3625, 12.3625, 12.375, 12.1125], "ram": [1047.16796875, 1983.01171875, 2099.0546875, 2099.0546875, 2099.15625, 2099.2734375, 2099.2734375, 2099.41796875, 2099.55859375, 2114.1953125, 2099.57421875, 2099.55859375, 2099.5625, 2099.5625, 2098.875], "gpu": [0.0, 5.0, 0.0, 0.0, 0.0, 0.0, 0.0, 0.0, 0.0, 0.0, 0.0, 0.0, 0.0, 0.0, 0.0], "gpu_mem": [3546.0, 3805.0, 3830.0, 3830.0, 3830.0, 3830.0, 3830.0, 3830.0, 3830.0, 3830.0, 3830.0, 3830.0, 3830.0, 3830.0, 3830.0]}