{
    "precision": [
        0.2,
        0.20212765957446807,
        0.20430107526881722,
        0.20652173913043478,
        0.2087912087912088,
        0.2111111111111111,
        0.21348314606741572,
        0.2159090909090909,
        0.21839080459770116,
        0.22093023255813954,
        0.2235294117647059,
        0.2261904761904762,
        0.2289156626506024,
        0.23170731707317074,
        0.2345679012345679,
        0.2375,
        0.24050632911392406,
        0.24358974358974358,
        0.24675324675324675,
        0.25,
        0.25333333333333335,
        0.25675675675675674,
        0.2602739726027397,
        0.25,
        0.23943661971830985,
        0.24285714285714285,
        0.2463768115942029,
        0.25,
        0.2537313432835821,
        0.25757575757575757,
        0.26153846153846155,
        0.265625,
        0.2698412698412698,
        0.27419354838709675,
        0.2786885245901639,
        0.2833333333333333,
        0.288135593220339,
        0.29310344827586204,
        0.2982456140350877,
        0.2857142857142857,
        0.2909090909090909,
        0.2962962962962963,
        0.3018867924528302,
        0.3076923076923077,
        0.3137254901960784,
        0.32,
        0.30612244897959184,
        0.3125,
        0.2978723404255319,
        0.2826086956521739,
        0.28888888888888886,
        0.29545454545454547,
        0.3023255813953488,
        0.30952380952380953,
        0.3170731707317073,
        0.325,
        0.3076923076923077,
        0.2894736842105263,
        0.2972972972972973,
        0.3055555555555556,
        0.3142857142857143,
        0.3235294117647059,
        0.3333333333333333,
        0.34375,
        0.3548387096774194,
        0.3333333333333333,
        0.3448275862068966,
        0.35714285714285715,
        0.37037037037037035,
        0.38461538461538464,
        0.4,
        0.4166666666666667,
        0.43478260869565216,
        0.45454545454545453,
        0.47619047619047616,
        0.5,
        0.5263157894736842,
        0.5,
        0.5294117647058824,
        0.5625,
        0.6,
        0.5714285714285714,
        0.6153846153846154,
        0.6666666666666666,
        0.7272727272727273,
        0.8,
        0.8888888888888888,
        0.875,
        1.0,
        1.0,
        1.0,
        1.0,
        1.0,
        1.0,
        1.0,
        1.0
    ],
    "recall": [
        1.0,
        1.0,
        1.0,
        1.0,
        1.0,
        1.0,
        1.0,
        1.0,
        1.0,
        1.0,
        1.0,
        1.0,
        1.0,
        1.0,
        1.0,
        1.0,
        1.0,
        1.0,
        1.0,
        1.0,
        1.0,
        1.0,
        1.0,
        0.9473684210526315,
        0.8947368421052632,
        0.8947368421052632,
        0.8947368421052632,
        0.8947368421052632,
        0.8947368421052632,
        0.8947368421052632,
        0.8947368421052632,
        0.8947368421052632,
        0.8947368421052632,
        0.8947368421052632,
        0.8947368421052632,
        0.8947368421052632,
        0.8947368421052632,
        0.8947368421052632,
        0.8947368421052632,
        0.8421052631578947,
        0.8421052631578947,
        0.8421052631578947,
        0.8421052631578947,
        0.8421052631578947,
        0.8421052631578947,
        0.8421052631578947,
        0.7894736842105263,
        0.7894736842105263,
        0.7368421052631579,
        0.6842105263157895,
        0.6842105263157895,
        0.6842105263157895,
        0.6842105263157895,
        0.6842105263157895,
        0.6842105263157895,
        0.6842105263157895,
        0.631578947368421,
        0.5789473684210527,
        0.5789473684210527,
        0.5789473684210527,
        0.5789473684210527,
        0.5789473684210527,
        0.5789473684210527,
        0.5789473684210527,
        0.5789473684210527,
        0.5263157894736842,
        0.5263157894736842,
        0.5263157894736842,
        0.5263157894736842,
        0.5263157894736842,
        0.5263157894736842,
        0.5263157894736842,
        0.5263157894736842,
        0.5263157894736842,
        0.5263157894736842,
        0.5263157894736842,
        0.5263157894736842,
        0.47368421052631576,
        0.47368421052631576,
        0.47368421052631576,
        0.47368421052631576,
        0.42105263157894735,
        0.42105263157894735,
        0.42105263157894735,
        0.42105263157894735,
        0.42105263157894735,
        0.42105263157894735,
        0.3684210526315789,
        0.3684210526315789,
        0.3157894736842105,
        0.2631578947368421,
        0.21052631578947367,
        0.15789473684210525,
        0.10526315789473684,
        0.05263157894736842,
        0.0
    ],
    "threshold": 0.02094249241054058,
    "max": 51.67738342285156,
    "min": -23.14520263671875
}